35,0.5,0.333333,0.166667,1
47,0.5,0.333333,0.166667,1
73,0.47541,0.360656,0.163934,1
108,0.454545,0.363636,0.181818,1
279,0.5,0.375,0.125,1
360,0.517241,0.327586,0.155172,1
398,0.5,0.378788,0.121212,1
420,0.487179,0.358974,0.153846,1
423,0.526316,0.368421,0.105263,1
566,0.5,0.333333,0.166667,1
575,0.5,0.4,0.1,1
584,0.5,0.321429,0.178571,1
639,0.489796,0.367347,0.142857,1
723,0.461538,0.353846,0.184615,1
799,0.454545,0.363636,0.181818,1
822,0.463415,0.390244,0.146341,1
857,0.5,0.4,0.1,1
946,0.5,0.35,0.15,1
964,0.5,0.3,0.2,1
968,0.5,0.352941,0.147059,1
989,0.45977,0.333333,0.206897,1
1016,0.485714,0.371429,0.142857,1
1105,0.483333,0.316667,0.2,1
1158,0.466667,0.333333,0.2,1
1167,0.5,0.3,0.2,1
1354,0.541667,0.291667,0.166667,1
1381,0.548387,0.290323,0.16129,1
1416,0.5,0.34375,0.15625,1
1442,0.487179,0.307692,0.205128,1
1465,0.52381,0.380952,0.095238,1
1500,0.509804,0.313725,0.176471,1
1539,0.5,0.333333,0.166667,1
1592,0.55,0.3,0.15,1
1633,0.45,0.4,0.15,1
1639,0.444444,0.388889,0.166667,1
1680,0.5,0.375,0.125,1
1690,0.454545,0.363636,0.181818,1
1699,0.555556,0.296296,0.148148,1
1797,0.533333,0.333333,0.133333,1
1799,0.461538,0.384615,0.153846,1
1842,0.466667,0.333333,0.2,1
1855,0.461538,0.384615,0.153846,1
1912,0.517857,0.321429,0.160714,1
1925,0.449664,0.362416,0.187919,1
1928,0.520833,0.302083,0.177083,1
1997,0.52093,0.348837,0.130233,1
2111,0.517241,0.356322,0.126437,1
2180,0.466667,0.333333,0.2,1
2216,0.491525,0.355932,0.152542,1
2262,0.518519,0.37037,0.111111,1
2265,0.492063,0.349206,0.15873,1
2270,0.480769,0.384615,0.134615,1
2277,0.5,0.316667,0.183333,1
2458,0.448276,0.413793,0.137931,1
2485,0.454545,0.363636,0.181818,1
15,0.727273,0.181818,0.090909,10
17,0.833333,0.166667,0,10
76,0.730769,0.192308,0.076923,10
333,0.75,0.25,0,10
334,0.790123,0.197531,0.012346,10
339,0.75,0.25,0,10
376,0.761905,0.238095,0,10
384,0.8,0.2,0,10
514,0.8,0.2,0,10
643,0.782609,0.173913,0.043478,10
776,0.733333,0.222222,0.044444,10
778,0.707317,0.243902,0.04878,10
896,0.78125,0.1875,0.03125,10
1026,0.703704,0.222222,0.074074,10
1203,0.705882,0.294118,0,10
1244,0.714286,0.214286,0.071429,10
1415,0.74359,0.230769,0.025641,10
1456,0.772727,0.181818,0.045455,10
1484,0.772727,0.227273,0,10
1559,0.8,0.2,0,10
1692,0.730769,0.230769,0.038462,10
1836,0.75,0.1875,0.0625,10
2093,0.80303,0.19697,0,10
2203,0.730769,0.205128,0.064103,10
2300,0.816327,0.183673,0,10
2392,0.736842,0.263158,0,10
2396,0.75,0.178571,0.071429,10
2525,0.75,0.25,0,10
2537,0.791667,0.208333,0,10
132,0.25,0.5,0.25,11
148,0.25,0.520833,0.229167,11
166,0.3125,0.4375,0.25,11
289,0.225806,0.483871,0.290323,11
320,0.25,0.5,0.25,11
337,0.25,0.5,0.25,11
389,0.2,0.533333,0.266667,11
438,0.230769,0.480769,0.288462,11
503,0.294118,0.470588,0.235294,11
579,0.285714,0.428571,0.285714,11
592,0.285714,0.428571,0.285714,11
603,0.2,0.485,0.315,11
611,0.257143,0.514286,0.228571,11
612,0.3,0.45,0.25,11
640,0.2,0.525,0.275,11
665,0.283333,0.466667,0.25,11
693,0.25,0.5,0.25,11
706,0.219298,0.5,0.280702,11
771,0.289855,0.492754,0.217391,11
840,0.227273,0.454545,0.318182,11
902,0.294118,0.411765,0.294118,11
977,0.304348,0.478261,0.217391,11
1009,0.2,0.54,0.26,11
1018,0.204545,0.534091,0.261364,11
1040,0.24,0.48,0.28,11
1100,0.275,0.5,0.225,11
1142,0.2,0.514286,0.285714,11
1208,0.208333,0.5,0.291667,11
1209,0.25,0.5,0.25,11
1238,0.315789,0.394737,0.289474,11
1247,0.294118,0.411765,0.294118,11
1300,0.285714,0.428571,0.285714,11
1309,0.210526,0.5,0.289474,11
1322,0.218391,0.471264,0.310345,11
1411,0.275,0.475,0.25,11
1478,0.285714,0.47619,0.238095,11
1540,0.2,0.52,0.28,11
1560,0.294118,0.470588,0.235294,11
1566,0.25,0.4375,0.3125,11
1590,0.264706,0.5,0.235294,11
1666,0.3125,0.4375,0.25,11
1669,0.285714,0.428571,0.285714,11
1695,0.2,0.5,0.3,11
1714,0.3,0.4,0.3,11
1760,0.272727,0.454545,0.272727,11
1775,0.285714,0.428571,0.285714,11
1777,0.21875,0.53125,0.25,11
1794,0.3,0.4,0.3,11
1798,0.214286,0.5,0.285714,11
1821,0.275862,0.482759,0.241379,11
1823,0.222222,0.5,0.277778,11
1860,0.217391,0.521739,0.26087,11
1897,0.272727,0.454545,0.272727,11
1918,0.270833,0.416667,0.3125,11
1971,0.315985,0.460967,0.223048,11
2023,0.220183,0.477064,0.302752,11
2064,0.297619,0.464286,0.238095,11
2084,0.220339,0.474576,0.305085,11
2139,0.195122,0.487805,0.317073,11
2149,0.22807,0.473684,0.298246,11
2201,0.292308,0.446154,0.261538,11
2229,0.25,0.446429,0.303571,11
2333,0.2,0.48,0.32,11
2343,0.238095,0.47619,0.285714,11
2380,0.285714,0.47619,0.238095,11
2407,0.265306,0.428571,0.306122,11
2414,0.313725,0.45098,0.235294,11
2426,0.25,0.46875,0.28125,11
2472,0.212121,0.515152,0.272727,11
2492,0.296296,0.444444,0.259259,11
2512,0.242424,0.515152,0.242424,11
11,0,0.823529,0.176471,12
20,0,0.827586,0.172414,12
90,0,0.837209,0.162791,12
98,0,0.860465,0.139535,12
133,0,0.866667,0.133333,12
136,0,0.846154,0.153846,12
160,0,0.8,0.2,12
183,0,0.857143,0.142857,12
216,0,0.818182,0.181818,12
217,0,0.823529,0.176471,12
225,0,0.833333,0.166667,12
230,0,0.857143,0.142857,12
284,0,0.8,0.2,12
304,0,0.866667,0.133333,12
326,0,0.833333,0.166667,12
330,0,0.833333,0.166667,12
331,0,0.857143,0.142857,12
341,0,0.875,0.125,12
346,0,0.818182,0.181818,12
347,0,0.857143,0.142857,12
350,0,0.805556,0.194444,12
367,0,0.875,0.125,12
371,0,0.846154,0.153846,12
401,0,0.826667,0.173333,12
406,0,0.818182,0.181818,12
413,0,0.826667,0.173333,12
431,0,0.875,0.125,12
434,0,0.8,0.2,12
446,0,0.833333,0.166667,12
472,0,0.8,0.2,12
489,0,0.8,0.2,12
491,0,0.833333,0.166667,12
504,0,0.846154,0.153846,12
527,0,0.833333,0.166667,12
570,0,0.8,0.2,12
680,0,0.837838,0.162162,12
725,0,0.814815,0.185185,12
758,0,0.865169,0.134831,12
798,0,0.825,0.175,12
933,0,0.84,0.16,12
940,0,0.833333,0.166667,12
965,0,0.84,0.16,12
1000,0,0.843243,0.156757,12
1003,0,0.8,0.2,12
1039,0,0.85,0.15,12
1064,0,0.823529,0.176471,12
1066,0,0.866667,0.133333,12
1098,0,0.830189,0.169811,12
1191,0,0.85,0.15,12
1201,0,0.833333,0.166667,12
1205,0,0.866667,0.133333,12
1223,0,0.833333,0.166667,12
1293,0,0.866667,0.133333,12
1298,0,0.846154,0.153846,12
1308,0,0.85,0.15,12
1329,0,0.846154,0.153846,12
1335,0,0.84,0.16,12
1376,0,0.8,0.2,12
1413,0,0.84375,0.15625,12
1426,0,0.806818,0.193182,12
1542,0,0.818182,0.181818,12
1551,0,0.828571,0.171429,12
1577,0,0.857143,0.142857,12
1595,0,0.866667,0.133333,12
1679,0,0.875,0.125,12
1731,0,0.846154,0.153846,12
1734,0,0.833333,0.166667,12
1751,0,0.8,0.2,12
1759,0,0.8,0.2,12
1785,0,0.833333,0.166667,12
1831,0,0.818182,0.181818,12
1878,0,0.818182,0.181818,12
1906,0,0.833333,0.166667,12
1987,0,0.826087,0.173913,12
2052,0,0.825758,0.174242,12
2104,0,0.836364,0.163636,12
2141,0,0.816667,0.183333,12
2187,0,0.838983,0.161017,12
2221,0,0.85,0.15,12
2236,0,0.814815,0.185185,12
2308,0,0.82,0.18,12
2335,0,0.857143,0.142857,12
70,0.233333,0.4,0.366667,13
161,0.230769,0.384615,0.384615,13
184,0.272727,0.363636,0.363636,13
213,0.2,0.4,0.4,13
251,0.222222,0.444444,0.333333,13
328,0.25,0.375,0.375,13
393,0.263158,0.347368,0.389474,13
524,0.25,0.35,0.4,13
605,0.204082,0.408163,0.387755,13
624,0.227273,0.431818,0.340909,13
631,0.153846,0.461538,0.384615,13
659,0.28125,0.34375,0.375,13
678,0.208333,0.4375,0.354167,13
728,0.204545,0.454545,0.340909,13
729,0.183333,0.466667,0.35,13
746,0.266667,0.4,0.333333,13
781,0.204082,0.367347,0.428571,13
808,0.242424,0.424242,0.333333,13
815,0.245614,0.403509,0.350877,13
825,0.2,0.366667,0.433333,13
957,0.1875,0.4375,0.375,13
984,0.226667,0.36,0.413333,13
1033,0.229167,0.395833,0.375,13
1134,0.25,0.4,0.35,13
1149,0.166667,0.466667,0.366667,13
1207,0.2,0.4,0.4,13
1294,0.16,0.44,0.4,13
1311,0.272727,0.4,0.327273,13
1439,0.235294,0.411765,0.352941,13
1494,0.22973,0.364865,0.405405,13
1647,0.2,0.44,0.36,13
1655,0.266667,0.4,0.333333,13
1686,0.185185,0.444444,0.37037,13
1735,0.185185,0.481481,0.333333,13
1742,0.1875,0.4375,0.375,13
1846,0.181818,0.454545,0.363636,13
1886,0.28,0.36,0.36,13
1901,0.176471,0.470588,0.352941,13
1914,0.25,0.375,0.375,13
1924,0.2,0.425,0.375,13
1935,0.25,0.425,0.325,13
1959,0.255605,0.363229,0.381166,13
1979,0.215385,0.407692,0.376923,13
2085,0.21978,0.384615,0.395604,13
2152,0.166667,0.458333,0.375,13
2211,0.185185,0.419753,0.395062,13
2223,0.219178,0.438356,0.342466,13
2235,0.253731,0.373134,0.373134,13
2249,0.230769,0.384615,0.384615,13
2284,0.253012,0.421687,0.325301,13
2302,0.192308,0.423077,0.384615,13
2327,0.225,0.425,0.35,13
2336,0.229508,0.42623,0.344262,13
2340,0.176471,0.470588,0.352941,13
2358,0.2,0.4,0.4,13
2369,0.2,0.45,0.35,13
2445,0.233333,0.433333,0.333333,13
2455,0.25,0.34375,0.40625,13
2531,0.214286,0.428571,0.357143,13
2542,0.241379,0.344828,0.413793,13
2,0,1,0,14
21,0,0.96,0.04,14
25,0,1,0,14
37,0,1,0,14
87,0,0.95082,0.04918,14
111,0,0.964286,0.035714,14
142,0,0.952381,0.047619,14
150,0,0.984375,0.015625,14
200,0,1,0,14
246,0,0.95,0.05,14
252,0,1,0,14
261,0,1,0,14
265,0,1,0,14
293,0,1,0,14
296,0,1,0,14
299,0,1,0,14
311,0,1,0,14
316,0,1,0,14
322,0,1,0,14
329,0,1,0,14
359,0,0.96,0.04,14
362,0,1,0,14
372,0,0.971429,0.028571,14
430,0,0.954545,0.045455,14
449,0,1,0,14
457,0,1,0,14
463,0,1,0,14
480,0,0.962963,0.037037,14
515,0,0.956522,0.043478,14
522,0,0.973333,0.026667,14
544,0,1,0,14
564,0,1,0,14
750,0,0.961538,0.038462,14
859,0,0.966667,0.033333,14
861,0,1,0,14
1095,0,0.949495,0.050505,14
1169,0,0.952381,0.047619,14
1305,0,0.971429,0.028571,14
1404,0,0.944444,0.055556,14
1449,0,0.959184,0.040816,14
1479,0,1,0,14
1510,0,0.962963,0.037037,14
1791,0,0.952381,0.047619,14
1819,0,0.958333,0.041667,14
1830,0,1,0,14
1833,0,0.947368,0.052632,14
1849,0,1,0,14
1853,0,0.96,0.04,14
1930,0,1,0,14
1939,0,1,0,14
1955,0,0.989474,0.010526,14
1967,0,0.988024,0.011976,14
2018,0,0.988166,0.011834,14
2046,0,0.985119,0.014881,14
2076,0,1,0,14
2081,0,1,0,14
2096,0,0.948454,0.051546,14
2101,0,1,0,14
2109,0,1,0,14
2123,0,0.969231,0.030769,14
2188,0,1,0,14
2306,0,0.990291,0.009709,14
2317,0,1,0,14
2354,0,0.967742,0.032258,14
2357,0,1,0,14
2464,0,0.977273,0.022727,14
2502,0,0.96,0.04,14
2521,0,1,0,14
2547,0,0.967742,0.032258,14
46,0,0.181818,0.818182,15
81,0,0.151515,0.848485,15
97,0.033333,0.166667,0.8,15
99,0,0.058824,0.941176,15
103,0.038462,0.192308,0.769231,15
155,0.12,0.08,0.8,15
196,0,0.142857,0.857143,15
215,0,0.166667,0.833333,15
219,0,0.166667,0.833333,15
223,0.090909,0.090909,0.818182,15
226,0,0.095238,0.904762,15
238,0.105263,0.157895,0.736842,15
270,0.1,0.2,0.7,15
272,0,0.2,0.8,15
402,0.125,0.025,0.85,15
424,0,0.166667,0.833333,15
426,0.117647,0.176471,0.705882,15
433,0.0625,0.1875,0.75,15
450,0,0.210526,0.789474,15
452,0,0.115385,0.884615,15
551,0,0.125,0.875,15
580,0,0.142857,0.857143,15
582,0.148936,0.042553,0.808511,15
599,0.083333,0.133333,0.783333,15
634,0.122807,0.175439,0.701754,15
679,0.075,0.15,0.775,15
694,0.078947,0.131579,0.789474,15
779,0,0.2,0.8,15
875,0.131579,0.078947,0.789474,15
884,0.090909,0.204545,0.704545,15
995,0.003984,0.139442,0.856574,15
1058,0.083333,0.166667,0.75,15
1195,0.166667,0.083333,0.75,15
1279,0.125,0.125,0.75,15
1310,0.1,0.2,0.7,15
1345,0.119048,0.095238,0.785714,15
1405,0,0.130435,0.869565,15
1421,0,0.083333,0.916667,15
1431,0.042553,0.170213,0.787234,15
1457,0.157895,0.052632,0.789474,15
1483,0,0.076923,0.923077,15
1618,0,0.2,0.8,15
1765,0.111111,0.022222,0.866667,15
1796,0,0.2,0.8,15
1896,0.0625,0.1875,0.75,15
1921,0.159091,0.136364,0.704545,15
1958,0.1,0.1,0.8,15
2003,0.103093,0.056701,0.840206,15
2251,0.094118,0.141176,0.764706,15
2276,0.137931,0.103448,0.758621,15
2363,0.052632,0.105263,0.842105,15
2450,0,0.117647,0.882353,15
2478,0.142857,0.107143,0.75,15
126,0.333333,0.416667,0.25,16
156,0.382353,0.441176,0.176471,16
191,0.333333,0.416667,0.25,16
199,0.428571,0.428571,0.142857,16
258,0.363636,0.454545,0.181818,16
282,0.375,0.375,0.25,16
291,0.4,0.4,0.2,16
441,0.4,0.4,0.2,16
529,0.428571,0.428571,0.142857,16
571,0.416667,0.416667,0.166667,16
615,0.371795,0.448718,0.179487,16
633,0.395833,0.458333,0.145833,16
667,0.383333,0.366667,0.25,16
668,0.416667,0.433333,0.15,16
670,0.372093,0.395349,0.232558,16
697,0.363636,0.4,0.236364,16
705,0.383333,0.416667,0.2,16
720,0.4,0.44,0.16,16
743,0.390244,0.45122,0.158537,16
748,0.365854,0.414634,0.219512,16
791,0.333333,0.433333,0.233333,16
793,0.355932,0.423729,0.220339,16
801,0.416667,0.416667,0.166667,16
820,0.421053,0.368421,0.210526,16
871,0.416667,0.416667,0.166667,16
873,0.419355,0.387097,0.193548,16
914,0.355556,0.444444,0.2,16
956,0.380952,0.428571,0.190476,16
1004,0.4,0.437037,0.162963,16
1007,0.352941,0.426471,0.220588,16
1045,0.357143,0.392857,0.25,16
1046,0.369565,0.456522,0.173913,16
1063,0.341463,0.439024,0.219512,16
1071,0.380952,0.428571,0.190476,16
1073,0.333333,0.444444,0.222222,16
1080,0.390625,0.40625,0.203125,16
1110,0.348837,0.372093,0.27907,16
1237,0.379747,0.392405,0.227848,16
1261,0.393939,0.454545,0.151515,16
1262,0.380952,0.380952,0.238095,16
1267,0.333333,0.404762,0.261905,16
1334,0.36,0.4,0.24,16
1418,0.4,0.433333,0.166667,16
1530,0.351351,0.405405,0.243243,16
1583,0.388889,0.388889,0.222222,16
1622,0.382353,0.441176,0.176471,16
1635,0.434783,0.391304,0.173913,16
1641,0.375,0.4375,0.1875,16
1706,0.363636,0.363636,0.272727,16
1755,0.333333,0.466667,0.2,16
1790,0.35,0.4,0.25,16
1818,0.416667,0.416667,0.166667,16
1851,0.333333,0.4,0.266667,16
1867,0.4,0.4,0.2,16
1882,0.333333,0.444444,0.222222,16
1885,0.363636,0.409091,0.227273,16
1965,0.4,0.430769,0.169231,16
1976,0.361111,0.440476,0.198413,16
2089,0.402299,0.45977,0.137931,16
2197,0.376923,0.461538,0.161538,16
2296,0.378378,0.459459,0.162162,16
2301,0.408163,0.387755,0.204082,16
2427,0.363636,0.409091,0.227273,16
38,0.166667,0.833333,0,17
65,0.181818,0.772727,0.045455,17
134,0.142857,0.785714,0.071429,17
170,0.189189,0.783784,0.027027,17
336,0.133333,0.8,0.066667,17
343,0.166667,0.833333,0,17
377,0.142857,0.771429,0.085714,17
382,0.166667,0.791667,0.041667,17
388,0.2,0.79,0.01,17
391,0.166667,0.766667,0.066667,17
419,0.179487,0.74359,0.076923,17
429,0.142857,0.785714,0.071429,17
437,0.152542,0.79661,0.050847,17
465,0.2,0.8,0,17
520,0.142857,0.742857,0.114286,17
521,0.137931,0.758621,0.103448,17
587,0.183673,0.816327,0,17
589,0.153846,0.769231,0.076923,17
602,0.161972,0.767606,0.070423,17
677,0.1875,0.7875,0.025,17
712,0.137931,0.824713,0.037356,17
716,0.177215,0.740506,0.082278,17
774,0.15,0.766667,0.083333,17
817,0.175439,0.719298,0.105263,17
867,0.147059,0.735294,0.117647,17
942,0.2,0.7,0.1,17
1005,0.171171,0.792793,0.036036,17
1038,0.137931,0.758621,0.103448,17
1042,0.132353,0.764706,0.102941,17
1044,0.2,0.733333,0.066667,17
1069,0.190476,0.714286,0.095238,17
1078,0.186916,0.71028,0.102804,17
1113,0.144928,0.782609,0.072464,17
1121,0.152542,0.813559,0.033898,17
1168,0.166667,0.766667,0.066667,17
1177,0.146341,0.780488,0.073171,17
1215,0.181818,0.745455,0.072727,17
1264,0.2,0.76,0.04,17
1353,0.173333,0.786667,0.04,17
1369,0.162162,0.783784,0.054054,17
1444,0.152542,0.779661,0.067797,17
1481,0.178571,0.785714,0.035714,17
1501,0.135802,0.814815,0.049383,17
1593,0.15,0.75,0.1,17
1623,0.148936,0.808511,0.042553,17
1630,0.171429,0.771429,0.057143,17
1653,0.173077,0.769231,0.057692,17
1659,0.190476,0.714286,0.095238,17
1662,0.2,0.7,0.1,17
1677,0.2,0.8,0,17
1688,0.2,0.775,0.025,17
1702,0.166667,0.722222,0.111111,17
1707,0.2,0.7,0.1,17
1730,0.181818,0.727273,0.090909,17
1757,0.166667,0.75,0.083333,17
1850,0.166667,0.766667,0.066667,17
1857,0.181818,0.818182,0,17
1859,0.181818,0.818182,0,17
1868,0.166667,0.805556,0.027778,17
1927,0.178947,0.810526,0.010526,17
1952,0.166667,0.75,0.083333,17
2002,0.157233,0.754717,0.08805,17
2057,0.165714,0.788571,0.045714,17
2065,0.215596,0.779817,0.004587,17
2067,0.176923,0.823077,0,17
2068,0.160338,0.767932,0.07173,17
2098,0.207792,0.753247,0.038961,17
2105,0.176471,0.72549,0.098039,17
2110,0.176471,0.722689,0.10084,17
2156,0.170213,0.765957,0.06383,17
2204,0.162602,0.772358,0.065041,17
2215,0.171717,0.717172,0.111111,17
2346,0.15493,0.774648,0.070423,17
2355,0.210526,0.754386,0.035088,17
2423,0.131579,0.763158,0.105263,17
2436,0.152542,0.762712,0.084746,17
2480,0.2,0.733333,0.066667,17
32,0.5,0.25,0.25,18
44,0.5,0.25,0.25,18
61,0.5,0.25,0.25,18
72,0.535714,0.25,0.214286,18
189,0.545455,0.181818,0.272727,18
247,0.5,0.25,0.25,18
396,0.52381,0.257143,0.219048,18
546,0.553571,0.142857,0.303571,18
610,0.491803,0.245902,0.262295,18
651,0.530612,0.244898,0.22449,18
688,0.583333,0.208333,0.208333,18
787,0.609756,0.182927,0.207317,18
803,0.571429,0.142857,0.285714,18
842,0.576923,0.192308,0.230769,18
887,0.571429,0.228571,0.2,18
908,0.548387,0.258065,0.193548,18
982,0.555556,0.15873,0.285714,18
1006,0.54386,0.280702,0.175439,18
1017,0.571429,0.2,0.228571,18
1143,0.555556,0.222222,0.222222,18
1147,0.577778,0.133333,0.288889,18
1157,0.518519,0.259259,0.222222,18
1377,0.608696,0.173913,0.217391,18
1389,0.52381,0.190476,0.285714,18
1395,0.517241,0.241379,0.241379,18
1407,0.545455,0.227273,0.227273,18
1485,0.55,0.25,0.2,18
1517,0.583333,0.166667,0.25,18
1529,0.516129,0.193548,0.290323,18
1534,0.583333,0.166667,0.25,18
1604,0.608696,0.173913,0.217391,18
1678,0.538462,0.153846,0.307692,18
1711,0.5,0.25,0.25,18
1774,0.555556,0.222222,0.222222,18
1778,0.6,0.2,0.2,18
1804,0.5,0.208333,0.291667,18
1843,0.588235,0.235294,0.176471,18
1936,0.536082,0.14433,0.319588,18
2021,0.548077,0.269231,0.182692,18
2108,0.56,0.22,0.22,18
2125,0.533333,0.233333,0.233333,18
2151,0.588235,0.159664,0.252101,18
2234,0.555556,0.148148,0.296296,18
2298,0.52,0.26,0.22,18
2372,0.529412,0.176471,0.294118,18
2382,0.605263,0.210526,0.184211,18
2384,0.507246,0.217391,0.275362,18
2386,0.515152,0.212121,0.272727,18
2499,0.526316,0.157895,0.315789,18
2520,0.555556,0.222222,0.222222,18
104,0.214286,0.071429,0.714286,19
152,0.222222,0.055556,0.722222,19
165,0.25,0.125,0.625,19
314,0.25,0.125,0.625,19
353,0.192308,0.096154,0.711538,19
404,0.25,0.016667,0.733333,19
556,0.222222,0.111111,0.666667,19
563,0.25,0.125,0.625,19
628,0.222222,0.044444,0.733333,19
686,0.230769,0.038462,0.730769,19
689,0.23913,0.065217,0.695652,19
890,0.344828,0.034483,0.62069,19
938,0.333333,0.033333,0.633333,19
999,0.240506,0.088608,0.670886,19
1011,0.2,0.12381,0.67619,19
1047,0.315789,0.017544,0.666667,19
1106,0.285714,0.057143,0.657143,19
1155,0.338983,0.016949,0.644068,19
1185,0.285714,0.071429,0.642857,19
1218,0.263158,0.026316,0.710526,19
1283,0.25,0.083333,0.666667,19
1333,0.214286,0.071429,0.714286,19
1371,0.185185,0.111111,0.703704,19
1410,0.243243,0.081081,0.675676,19
1455,0.190476,0.095238,0.714286,19
1552,0.32,0.08,0.6,19
1795,0.222222,0.055556,0.722222,19
1889,0.266667,0.133333,0.6,19
1947,0.285714,0.028571,0.685714,19
1977,0.363636,0.009091,0.627273,19
1998,0.25,0.107143,0.642857,19
2019,0.360465,0.011628,0.627907,19
2147,0.333333,0.016667,0.65,19
2189,0.253333,0.12,0.626667,19
2208,0.228571,0.114286,0.657143,19
2222,0.268657,0.059701,0.671642,19
2226,0.315217,0.054348,0.630435,19
2237,0.285714,0.119048,0.595238,19
2253,0.285714,0.053571,0.660714,19
2258,0.265957,0.053191,0.680851,19
2271,0.3,0.02,0.68,19
2299,0.326531,0.040816,0.632653,19
2334,0.266667,0.066667,0.666667,19
2416,0.179487,0.128205,0.692308,19
2433,0.25641,0.076923,0.666667,19
2444,0.227273,0.090909,0.681818,19
59,0.285714,0.142857,0.571429,2
101,0.344828,0.068966,0.586207,2
145,0.428571,0.142857,0.428571,2
381,0.416667,0.041667,0.541667,2
400,0.285714,0.171429,0.542857,2
427,0.333333,0.133333,0.533333,2
488,0.366667,0.2,0.433333,2
598,0.289855,0.144928,0.565217,2
616,0.384615,0.076923,0.538462,2
618,0.372093,0.162791,0.465116,2
744,0.423729,0.050847,0.525424,2
783,0.333333,0.166667,0.5,2
796,0.384615,0.184615,0.430769,2
839,0.444444,0.055556,0.5,2
897,0.411765,0.117647,0.470588,2
918,0.4,0.04,0.56,2
920,0.41791,0.119403,0.462687,2
1053,0.416667,0.138889,0.444444,2
1075,0.413793,0.068966,0.517241,2
1079,0.4,0.12,0.48,2
1122,0.36,0.1,0.54,2
1132,0.454545,0.090909,0.454545,2
1139,0.347826,0.173913,0.478261,2
1161,0.3125,0.15625,0.53125,2
1239,0.36,0.16,0.48,2
1253,0.44,0.08,0.48,2
1292,0.416667,0.083333,0.5,2
1360,0.375,0.1875,0.4375,2
1447,0.475,0.025,0.5,2
1469,0.428571,0.047619,0.52381,2
1473,0.333333,0.133333,0.533333,2
1491,0.407407,0.111111,0.481481,2
1570,0.394737,0.157895,0.447368,2
1582,0.4,0.066667,0.533333,2
1594,0.315789,0.105263,0.578947,2
1616,0.35,0.15,0.5,2
1625,0.324324,0.135135,0.540541,2
1631,0.307692,0.153846,0.538462,2
1674,0.384615,0.076923,0.538462,2
1708,0.357143,0.142857,0.5,2
1732,0.285714,0.214286,0.5,2
1800,0.428571,0.071429,0.5,2
1812,0.272727,0.181818,0.545455,2
1840,0.4,0.1,0.5,2
1865,0.375,0.1875,0.4375,2
1888,0.35,0.15,0.5,2
1902,0.3,0.2,0.5,2
1913,0.357143,0.214286,0.428571,2
1949,0.312102,0.159236,0.528662,2
1956,0.298507,0.164179,0.537313,2
1994,0.35,0.1,0.55,2
2058,0.321839,0.114943,0.563218,2
2063,0.291667,0.15,0.558333,2
2090,0.436364,0.109091,0.454545,2
2091,0.269841,0.15873,0.571429,2
2114,0.294872,0.128205,0.576923,2
2169,0.404762,0.095238,0.5,2
2183,0.390244,0.012195,0.597561,2
2210,0.333333,0.183333,0.483333,2
2218,0.280488,0.158537,0.560976,2
2256,0.40404,0.141414,0.454545,2
2288,0.377358,0.188679,0.433962,2
2312,0.306452,0.193548,0.5,2
2364,0.452381,0.095238,0.452381,2
2409,0.382353,0.176471,0.441176,2
2457,0.416667,0.083333,0.5,2
2471,0.304348,0.217391,0.478261,2
92,0.3125,0.3125,0.375,20
175,0.382353,0.323529,0.294118,20
317,0.375,0.3125,0.3125,20
325,0.333333,0.333333,0.333333,20
356,0.357143,0.357143,0.285714,20
364,0.333333,0.333333,0.333333,20
385,0.333333,0.258333,0.408333,20
471,0.333333,0.238095,0.428571,20
512,0.375,0.3125,0.3125,20
550,0.333333,0.266667,0.4,20
590,0.368421,0.315789,0.315789,20
621,0.333333,0.333333,0.333333,20
642,0.375,0.25,0.375,20
661,0.352941,0.235294,0.411765,20
757,0.296296,0.345679,0.358025,20
973,0.340909,0.295455,0.363636,20
992,0.357367,0.357367,0.285266,20
1059,0.361111,0.333333,0.305556,20
1067,0.38,0.32,0.3,20
1120,0.310345,0.310345,0.37931,20
1130,0.363636,0.272727,0.363636,20
1133,0.4,0.28,0.32,20
1229,0.361111,0.361111,0.277778,20
1235,0.371429,0.285714,0.342857,20
1242,0.354839,0.322581,0.322581,20
1325,0.333333,0.333333,0.333333,20
1343,0.36,0.28,0.36,20
1482,0.368421,0.263158,0.368421,20
1563,0.333333,0.333333,0.333333,20
1685,0.35,0.3,0.35,20
1741,0.307692,0.307692,0.384615,20
1752,0.333333,0.266667,0.4,20
1780,0.375,0.25,0.375,20
1789,0.357143,0.285714,0.357143,20
1974,0.379085,0.261438,0.359477,20
2014,0.338843,0.264463,0.396694,20
2015,0.330189,0.325472,0.34434,20
2045,0.375,0.25,0.375,20
2053,0.304,0.336,0.36,20
2102,0.315789,0.315789,0.368421,20
2118,0.383333,0.266667,0.35,20
2160,0.357143,0.309524,0.333333,20
2174,0.388889,0.277778,0.333333,20
2179,0.325581,0.27907,0.395349,20
2186,0.338983,0.305085,0.355932,20
2198,0.292035,0.353982,0.353982,20
2209,0.363636,0.295455,0.340909,20
2225,0.340909,0.329545,0.329545,20
2244,0.384615,0.269231,0.346154,20
2383,0.325,0.35,0.325,20
2391,0.346939,0.285714,0.367347,20
2418,0.381579,0.289474,0.328947,20
2459,0.307692,0.307692,0.384615,20
2511,0.380952,0.285714,0.333333,20
2517,0.3125,0.3125,0.375,20
2528,0.347826,0.26087,0.391304,20
2533,0.3,0.3,0.4,20
13,0.611111,0.222222,0.166667,21
41,0.615385,0.230769,0.153846,21
67,0.608696,0.26087,0.130435,21
273,0.666667,0.222222,0.111111,21
277,0.636364,0.272727,0.090909,21
290,0.7,0.2,0.1,21
308,0.625,0.25,0.125,21
363,0.657895,0.210526,0.131579,21
511,0.666667,0.25,0.083333,21
519,0.571429,0.285714,0.142857,21
553,0.625,0.25,0.125,21
581,0.68,0.2,0.12,21
700,0.567568,0.27027,0.162162,21
740,0.671875,0.242188,0.085938,21
777,0.62963,0.222222,0.148148,21
838,0.681818,0.227273,0.090909,21
907,0.666667,0.233333,0.1,21
924,0.647059,0.264706,0.088235,21
935,0.583333,0.277778,0.138889,21
983,0.692308,0.230769,0.076923,21
1117,0.636364,0.272727,0.090909,21
1125,0.625,0.25,0.125,21
1224,0.625,0.25,0.125,21
1230,0.612245,0.285714,0.102041,21
1492,0.595745,0.276596,0.12766,21
1499,0.612903,0.225806,0.16129,21
1503,0.674419,0.255814,0.069767,21
1562,0.625,0.275,0.1,21
1665,0.571429,0.285714,0.142857,21
1984,0.7,0.2,0.1,21
1989,0.696629,0.235955,0.067416,21
1999,0.583333,0.246528,0.170139,21
2013,0.637681,0.231884,0.130435,21
2238,0.652174,0.246377,0.101449,21
2320,0.6875,0.239583,0.072917,21
2350,0.636364,0.272727,0.090909,21
2375,0.628571,0.285714,0.085714,21
2377,0.672727,0.272727,0.054545,21
30,0.4,0.6,0,22
51,0.333333,0.666667,0,22
80,0.396226,0.566038,0.037736,22
141,0.347826,0.608696,0.043478,22
220,0.315789,0.631579,0.052632,22
286,0.333333,0.666667,0,22
300,0.333333,0.666667,0,22
344,0.333333,0.666667,0,22
462,0.4,0.6,0,22
467,0.428571,0.571429,0,22
473,0.428571,0.571429,0,22
486,0.340278,0.590278,0.069444,22
490,0.375,0.625,0,22
541,0.357143,0.642857,0,22
573,0.333333,0.6,0.066667,22
727,0.371069,0.578616,0.050314,22
878,0.367647,0.558824,0.073529,22
901,0.32,0.64,0.04,22
929,0.333333,0.666667,0,22
931,0.4,0.56,0.04,22
1024,0.387755,0.571429,0.040816,22
1062,0.366667,0.6,0.033333,22
1099,0.362745,0.598039,0.039216,22
1145,0.326923,0.634615,0.038462,22
1221,0.333333,0.619048,0.047619,22
1270,0.321429,0.607143,0.071429,22
1326,0.32,0.63,0.05,22
1341,0.352941,0.588235,0.058824,22
1394,0.323077,0.630769,0.046154,22
1408,0.347826,0.608696,0.043478,22
1511,0.391304,0.565217,0.043478,22
1565,0.388889,0.611111,0,22
1643,0.321429,0.642857,0.035714,22
1689,0.34,0.6,0.06,22
1701,0.333333,0.592593,0.074074,22
1705,0.333333,0.6,0.066667,22
1748,0.333333,0.6,0.066667,22
1786,0.4,0.6,0,22
1803,0.344828,0.586207,0.068966,22
1929,0.385714,0.571429,0.042857,22
1932,0.428571,0.571429,0,22
1933,0.340206,0.628866,0.030928,22
1938,0.371069,0.628931,0,22
1960,0.371795,0.581197,0.047009,22
2010,0.391892,0.554054,0.054054,22
2077,0.323529,0.637255,0.039216,22
2164,0.393258,0.550562,0.05618,22
2199,0.421875,0.5625,0.015625,22
2241,0.421875,0.5625,0.015625,22
2263,0.378378,0.567568,0.054054,22
2342,0.344828,0.586207,0.068966,22
2388,0.36,0.62,0.02,22
2491,0.36,0.6,0.04,22
2500,0.368421,0.578947,0.052632,22
2522,0.318182,0.681818,0,22
102,0.576923,0.115385,0.307692,23
158,0.615385,0.076923,0.307692,23
180,0.6,0.1,0.3,23
227,0.648649,0.108108,0.243243,23
239,0.625,0.125,0.25,23
374,0.619048,0.095238,0.285714,23
451,0.722222,0.055556,0.222222,23
485,0.631579,0.063158,0.305263,23
523,0.666667,0.066667,0.266667,23
594,0.666667,0.055556,0.277778,23
600,0.634146,0.097561,0.268293,23
676,0.632653,0.020408,0.346939,23
752,0.648148,0.037037,0.314815,23
762,0.693548,0.048387,0.258065,23
794,0.642857,0.057143,0.3,23
805,0.612245,0.061224,0.326531,23
823,0.625,0.104167,0.270833,23
889,0.7,0.025,0.275,23
1030,0.75,0.025,0.225,23
1065,0.633333,0.033333,0.333333,23
1097,0.666667,0.1,0.233333,23
1124,0.6,0.114286,0.285714,23
1127,0.731707,0.04878,0.219512,23
1141,0.681818,0.045455,0.272727,23
1148,0.725,0.025,0.25,23
1178,0.714286,0.028571,0.257143,23
1180,0.625,0.075,0.3,23
1186,0.6,0.12,0.28,23
1194,0.625,0.0625,0.3125,23
1316,0.6,0.1,0.3,23
1402,0.625,0.025,0.35,23
1451,0.625,0.083333,0.291667,23
1488,0.62963,0.037037,0.333333,23
1521,0.689655,0.034483,0.275862,23
1646,0.727273,0.030303,0.242424,23
1907,0.585366,0.121951,0.292683,23
1954,0.737288,0.008475,0.254237,23
1969,0.666667,0.013333,0.32,23
2080,0.666667,0.040404,0.292929,23
2126,0.729167,0.020833,0.25,23
2142,0.583333,0.125,0.291667,23
2162,0.671875,0.09375,0.234375,23
2163,0.616438,0.136986,0.246575,23
2185,0.711538,0.038462,0.25,23
2192,0.648148,0.074074,0.277778,23
2206,0.637931,0.103448,0.258621,23
2217,0.666667,0.047619,0.285714,23
2324,0.671233,0.041096,0.287671,23
2341,0.689655,0.034483,0.275862,23
2378,0.657895,0.105263,0.236842,23
2462,0.72,0.04,0.24,23
2489,0.634146,0.121951,0.243902,23
2538,0.666667,0.083333,0.25,23
69,0.083333,0.833333,0.083333,24
168,0.03125,0.84375,0.125,24
190,0.111111,0.777778,0.111111,24
233,0.1,0.8,0.1,24
271,0.071429,0.785714,0.142857,24
276,0.071429,0.857143,0.071429,24
281,0.111111,0.777778,0.111111,24
295,0.111111,0.777778,0.111111,24
487,0.083333,0.833333,0.083333,24
497,0.066667,0.8,0.133333,24
532,0.114286,0.8,0.085714,24
596,0.090909,0.772727,0.136364,24
635,0.111111,0.777778,0.111111,24
648,0.097826,0.782609,0.119565,24
666,0.038462,0.861538,0.1,24
690,0.050279,0.787709,0.162011,24
701,0.109091,0.763636,0.127273,24
703,0.032258,0.822581,0.145161,24
731,0.044,0.848,0.108,24
732,0.083333,0.844444,0.072222,24
738,0.12605,0.806723,0.067227,24
742,0.116279,0.790698,0.093023,24
759,0.078431,0.784314,0.137255,24
792,0.074074,0.759259,0.166667,24
809,0.064103,0.794872,0.141026,24
824,0.067797,0.779661,0.152542,24
847,0.119048,0.761905,0.119048,24
858,0.038462,0.865385,0.096154,24
865,0.116279,0.790698,0.093023,24
930,0.083333,0.777778,0.138889,24
949,0.117647,0.823529,0.058824,24
955,0.068966,0.793103,0.137931,24
961,0.035714,0.821429,0.142857,24
980,0.0625,0.8125,0.125,24
997,0.080808,0.848485,0.070707,24
1057,0.116667,0.783333,0.1,24
1074,0.092308,0.815385,0.092308,24
1077,0.035714,0.821429,0.142857,24
1126,0.102941,0.794118,0.102941,24
1135,0.090909,0.787879,0.121212,24
1162,0.016129,0.83871,0.145161,24
1181,0.090909,0.840909,0.068182,24
1187,0.078947,0.763158,0.157895,24
1198,0.044444,0.866667,0.088889,24
1255,0.107143,0.821429,0.071429,24
1268,0.047619,0.857143,0.095238,24
1317,0.03125,0.84375,0.125,24
1340,0.027027,0.810811,0.162162,24
1357,0.038462,0.807692,0.153846,24
1359,0.1,0.8,0.1,24
1367,0.119048,0.761905,0.119048,24
1385,0.034483,0.862069,0.103448,24
1425,0.115385,0.807692,0.076923,24
1432,0.105263,0.815789,0.078947,24
1443,0.096774,0.806452,0.096774,24
1487,0.1,0.8,0.1,24
1519,0.08,0.84,0.08,24
1537,0.1,0.8,0.1,24
1544,0.066667,0.833333,0.1,24
1550,0.069767,0.813953,0.116279,24
1569,0.083333,0.833333,0.083333,24
1580,0.117647,0.823529,0.058824,24
1597,0.108696,0.826087,0.065217,24
1599,0.043478,0.826087,0.130435,24
1621,0.076923,0.846154,0.076923,24
1626,0.1,0.8,0.1,24
1632,0.130435,0.782609,0.086957,24
1642,0.074074,0.814815,0.111111,24
1693,0.047619,0.809524,0.142857,24
1697,0.013699,0.835616,0.150685,24
1710,0.117647,0.823529,0.058824,24
1712,0.071429,0.857143,0.071429,24
1737,0.052632,0.789474,0.157895,24
1761,0.103448,0.827586,0.068966,24
1810,0.047619,0.857143,0.095238,24
1813,0.076923,0.769231,0.153846,24
1839,0.090909,0.818182,0.090909,24
1848,0.090909,0.818182,0.090909,24
1863,0.047619,0.857143,0.095238,24
1887,0.086957,0.782609,0.130435,24
1922,0.088889,0.777778,0.133333,24
1934,0.032609,0.847826,0.119565,24
1961,0.065217,0.826087,0.108696,24
2005,0.060606,0.787879,0.151515,24
2029,0.088235,0.794118,0.117647,24
2040,0.069231,0.85,0.080769,24
2079,0.085308,0.838863,0.075829,24
2177,0.121951,0.780488,0.097561,24
2178,0.094595,0.810811,0.094595,24
2205,0.042553,0.797872,0.159574,24
2252,0.027273,0.827273,0.145455,24
2293,0.029412,0.838235,0.132353,24
2295,0.1,0.82,0.08,24
2321,0.041096,0.849315,0.109589,24
2325,0.042553,0.808511,0.148936,24
2403,0.067797,0.847458,0.084746,24
2430,0.038462,0.807692,0.153846,24
2451,0.095238,0.809524,0.095238,24
2460,0.125,0.821429,0.053571,24
2486,0.117647,0.823529,0.058824,24
2498,0.057143,0.828571,0.114286,24
2501,0.076923,0.769231,0.153846,24
2507,0.115385,0.807692,0.076923,24
2539,0.093023,0.790698,0.116279,24
68,0.257576,0.621212,0.121212,25
100,0.27451,0.666667,0.058824,25
137,0.26087,0.608696,0.130435,25
182,0.25,0.625,0.125,25
248,0.266667,0.666667,0.066667,25
309,0.25,0.625,0.125,25
368,0.265306,0.591837,0.142857,25
445,0.277778,0.583333,0.138889,25
537,0.25,0.6,0.15,25
543,0.263158,0.631579,0.105263,25
591,0.25,0.666667,0.083333,25
619,0.271186,0.59322,0.135593,25
625,0.244444,0.622222,0.133333,25
632,0.272727,0.636364,0.090909,25
710,0.24375,0.65,0.10625,25
737,0.243902,0.670732,0.085366,25
788,0.22807,0.666667,0.105263,25
810,0.304348,0.623188,0.072464,25
830,0.277778,0.648148,0.074074,25
832,0.255814,0.651163,0.093023,25
850,0.230769,0.615385,0.153846,25
886,0.285714,0.6,0.114286,25
892,0.243902,0.609756,0.146341,25
945,0.228571,0.657143,0.114286,25
948,0.275862,0.655172,0.068966,25
958,0.277778,0.666667,0.055556,25
990,0.23301,0.621359,0.145631,25
1028,0.25,0.65,0.1,25
1109,0.293103,0.62069,0.086207,25
1111,0.25,0.65625,0.09375,25
1123,0.212766,0.680851,0.106383,25
1146,0.263158,0.631579,0.105263,25
1151,0.290323,0.645161,0.064516,25
1154,0.25,0.675,0.075,25
1160,0.291667,0.583333,0.125,25
1196,0.26087,0.608696,0.130435,25
1231,0.25,0.625,0.125,25
1246,0.3,0.633333,0.066667,25
1260,0.268293,0.585366,0.146341,25
1304,0.285714,0.6,0.114286,25
1315,0.264706,0.647059,0.088235,25
1338,0.266667,0.6,0.133333,25
1380,0.296296,0.62963,0.074074,25
1430,0.230769,0.641026,0.128205,25
1467,0.288462,0.653846,0.057692,25
1472,0.238095,0.619048,0.142857,25
1489,0.307692,0.615385,0.076923,25
1497,0.280702,0.596491,0.122807,25
1512,0.272727,0.636364,0.090909,25
1515,0.230769,0.641026,0.128205,25
1561,0.227273,0.681818,0.090909,25
1576,0.277778,0.666667,0.055556,25
1581,0.24,0.64,0.12,25
1607,0.288462,0.615385,0.096154,25
1733,0.3,0.6,0.1,25
1739,0.285714,0.642857,0.071429,25
1834,0.25,0.666667,0.083333,25
1917,0.282051,0.615385,0.102564,25
1990,0.208333,0.658333,0.133333,25
2006,0.216867,0.63253,0.150602,25
2043,0.278607,0.651741,0.069652,25
2094,0.27619,0.666667,0.057143,25
2116,0.25,0.625,0.125,25
2153,0.27673,0.622642,0.100629,25
2168,0.275862,0.643678,0.08046,25
2254,0.292308,0.646154,0.061538,25
2314,0.237288,0.627119,0.135593,25
2337,0.258065,0.645161,0.096774,25
2353,0.291667,0.583333,0.125,25
2477,0.225,0.65,0.125,25
2495,0.26087,0.652174,0.086957,25
2505,0.25,0.625,0.125,25
2513,0.25,0.6,0.15,25
2524,0.28,0.64,0.08,25
2526,0.285714,0.619048,0.095238,25
28,0.333333,0.5,0.166667,26
54,0.333333,0.5,0.166667,26
162,0.357143,0.5,0.142857,26
167,0.333333,0.555556,0.111111,26
249,0.3,0.5,0.2,26
250,0.333333,0.5,0.166667,26
283,0.333333,0.5,0.166667,26
305,0.333333,0.5,0.166667,26
358,0.342857,0.514286,0.142857,26
415,0.333333,0.5,0.166667,26
477,0.333333,0.5,0.166667,26
492,0.375,0.5,0.125,26
494,0.321429,0.5,0.178571,26
509,0.333333,0.533333,0.133333,26
555,0.333333,0.5,0.166667,26
604,0.369565,0.5,0.130435,26
606,0.368421,0.5,0.131579,26
609,0.363636,0.545455,0.090909,26
636,0.387755,0.469388,0.142857,26
644,0.292308,0.538462,0.169231,26
691,0.361111,0.555556,0.083333,26
704,0.307692,0.5,0.192308,26
707,0.310345,0.482759,0.206897,26
722,0.336735,0.479592,0.183673,26
769,0.383562,0.520548,0.09589,26
848,0.3,0.52,0.18,26
876,0.322034,0.542373,0.135593,26
915,0.382353,0.5,0.117647,26
925,0.380952,0.5,0.119048,26
936,0.32,0.56,0.12,26
963,0.357143,0.535714,0.107143,26
966,0.344828,0.551724,0.103448,26
967,0.386364,0.522727,0.090909,26
996,0.35461,0.51773,0.12766,26
1002,0.28169,0.56338,0.15493,26
1010,0.296296,0.574074,0.12963,26
1035,0.358025,0.506173,0.135802,26
1036,0.324324,0.513514,0.162162,26
1052,0.281553,0.563107,0.15534,26
1112,0.295455,0.545455,0.159091,26
1128,0.305085,0.508475,0.186441,26
1150,0.347826,0.565217,0.086957,26
1171,0.324324,0.540541,0.135135,26
1174,0.346154,0.480769,0.173077,26
1175,0.347826,0.521739,0.130435,26
1199,0.366667,0.533333,0.1,26
1216,0.366667,0.5,0.133333,26
1222,0.305556,0.5,0.194444,26
1249,0.333333,0.566667,0.1,26
1250,0.32,0.48,0.2,26
1254,0.305556,0.5,0.194444,26
1258,0.333333,0.5,0.166667,26
1259,0.307692,0.576923,0.115385,26
1272,0.297297,0.567568,0.135135,26
1277,0.375,0.520833,0.104167,26
1280,0.392857,0.5,0.107143,26
1299,0.354839,0.548387,0.096774,26
1306,0.347826,0.543478,0.108696,26
1429,0.340909,0.477273,0.181818,26
1448,0.3,0.575,0.125,26
1460,0.35,0.5,0.15,26
1535,0.307692,0.538462,0.153846,26
1545,0.333333,0.47619,0.190476,26
1603,0.378378,0.513514,0.108108,26
1609,0.354167,0.541667,0.104167,26
1612,0.340909,0.568182,0.090909,26
1629,0.333333,0.566667,0.1,26
1637,0.333333,0.555556,0.111111,26
1644,0.352941,0.470588,0.176471,26
1657,0.375,0.5,0.125,26
1717,0.363636,0.545455,0.090909,26
1721,0.307692,0.538462,0.153846,26
1782,0.304348,0.565217,0.130435,26
1807,0.315789,0.526316,0.157895,26
1861,0.3,0.55,0.15,26
1866,0.375,0.5,0.125,26
1876,0.3,0.5,0.2,26
1916,0.368421,0.526316,0.105263,26
2061,0.336879,0.524823,0.138298,26
2083,0.363636,0.515152,0.121212,26
2127,0.333333,0.553191,0.113475,26
2154,0.333333,0.521368,0.145299,26
2227,0.345238,0.535714,0.119048,26
2232,0.362069,0.517241,0.12069,26
2240,0.375,0.4875,0.1375,26
2261,0.31746,0.507937,0.174603,26
2323,0.357143,0.485714,0.157143,26
2352,0.34,0.5,0.16,26
2370,0.363636,0.5,0.136364,26
2399,0.3,0.566667,0.133333,26
2400,0.296296,0.555556,0.148148,26
2421,0.378788,0.530303,0.090909,26
26,0.2,0.633333,0.166667,27
52,0.142857,0.642857,0.214286,27
82,0.095238,0.714286,0.190476,27
125,0.181818,0.636364,0.181818,27
130,0.142857,0.714286,0.142857,27
135,0.142857,0.714286,0.142857,27
185,0.133333,0.733333,0.133333,27
214,0.076923,0.692308,0.230769,27
232,0.1,0.7,0.2,27
243,0.095238,0.666667,0.238095,27
332,0.1,0.7,0.2,27
351,0.202899,0.652174,0.144928,27
357,0.090909,0.727273,0.181818,27
369,0.193548,0.677419,0.129032,27
383,0.111111,0.740741,0.148148,27
454,0.088889,0.711111,0.2,27
459,0.186047,0.697674,0.116279,27
461,0.069767,0.697674,0.232558,27
533,0.142857,0.714286,0.142857,27
552,0.166667,0.666667,0.166667,27
565,0.083333,0.75,0.166667,27
583,0.151515,0.727273,0.121212,27
597,0.096386,0.710843,0.192771,27
614,0.19403,0.641791,0.164179,27
620,0.0625,0.7125,0.225,27
630,0.113208,0.735849,0.150943,27
662,0.186047,0.697674,0.116279,27
682,0.153846,0.692308,0.153846,27
741,0.138462,0.7,0.161538,27
780,0.202899,0.652174,0.144928,27
782,0.076923,0.723077,0.2,27
836,0.166667,0.7,0.133333,27
849,0.2,0.666667,0.133333,27
856,0.2,0.66,0.14,27
894,0.128205,0.74359,0.128205,27
900,0.096774,0.741935,0.16129,27
906,0.148148,0.703704,0.148148,27
947,0.1875,0.6875,0.125,27
951,0.103448,0.724138,0.172414,27
969,0.16,0.64,0.2,27
987,0.18,0.65,0.17,27
1032,0.082353,0.670588,0.247059,27
1081,0.16,0.62,0.22,27
1102,0.103448,0.689655,0.206897,27
1114,0.136364,0.727273,0.136364,27
1129,0.117647,0.647059,0.235294,27
1159,0.2,0.64,0.16,27
1176,0.146341,0.634146,0.219512,27
1182,0.176471,0.647059,0.176471,27
1184,0.186047,0.674419,0.139535,27
1204,0.12,0.68,0.2,27
1217,0.1,0.683333,0.216667,27
1225,0.130435,0.652174,0.217391,27
1274,0.12,0.72,0.16,27
1282,0.148148,0.703704,0.148148,27
1302,0.076923,0.730769,0.192308,27
1320,0.15,0.65,0.2,27
1339,0.137931,0.655172,0.206897,27
1342,0.086957,0.73913,0.173913,27
1393,0.085714,0.685714,0.228571,27
1396,0.093333,0.72,0.186667,27
1401,0.152174,0.630435,0.217391,27
1423,0.1,0.733333,0.166667,27
1434,0.083333,0.75,0.166667,27
1435,0.175,0.65,0.175,27
1441,0.166667,0.714286,0.119048,27
1508,0.181818,0.681818,0.136364,27
1527,0.181818,0.636364,0.181818,27
1555,0.090909,0.681818,0.227273,27
1596,0.142857,0.678571,0.178571,27
1617,0.157895,0.684211,0.157895,27
1619,0.12,0.64,0.24,27
1656,0.117647,0.705882,0.176471,27
1663,0.2,0.68,0.12,27
1667,0.142857,0.642857,0.214286,27
1675,0.142857,0.642857,0.214286,27
1676,0.181818,0.636364,0.181818,27
1691,0.105263,0.736842,0.157895,27
1719,0.166667,0.666667,0.166667,27
1745,0.166667,0.666667,0.166667,27
1784,0.176471,0.676471,0.147059,27
1802,0.142857,0.714286,0.142857,27
1824,0.138889,0.666667,0.194444,27
1872,0.092593,0.648148,0.259259,27
1899,0.090909,0.681818,0.227273,27
1910,0.114286,0.714286,0.171429,27
1919,0.082353,0.705882,0.211765,27
1957,0.113636,0.685606,0.200758,27
1970,0.074074,0.666667,0.259259,27
1988,0.145161,0.682796,0.172043,27
2066,0.125604,0.724638,0.149758,27
2075,0.166667,0.705128,0.128205,27
2088,0.102273,0.681818,0.215909,27
2121,0.123457,0.654321,0.222222,27
2124,0.130435,0.717391,0.152174,27
2136,0.138462,0.646154,0.215385,27
2157,0.190476,0.690476,0.119048,27
2191,0.067416,0.707865,0.224719,27
2250,0.128571,0.642857,0.228571,27
2272,0.109091,0.672727,0.218182,27
2278,0.106667,0.666667,0.226667,27
2338,0.137931,0.724138,0.137931,27
2376,0.177778,0.666667,0.155556,27
2437,0.163636,0.636364,0.2,27
2468,0.08,0.68,0.24,27
2469,0.166667,0.625,0.208333,27
2493,0.066667,0.666667,0.266667,27
2504,0.125,0.708333,0.166667,27
2509,0.16129,0.709677,0.129032,27
2540,0.060606,0.69697,0.242424,27
146,0.583333,0.083333,0.333333,28
171,0.545455,0.090909,0.363636,28
386,0.56,0.053333,0.386667,28
607,0.567568,0.067568,0.364865,28
649,0.589041,0.027397,0.383562,28
684,0.590909,0.045455,0.363636,28
761,0.530612,0.102041,0.367347,28
770,0.54,0.08,0.38,28
797,0.538462,0.030769,0.430769,28
816,0.568627,0.098039,0.333333,28
855,0.55102,0.040816,0.408163,28
913,0.576923,0.057692,0.365385,28
916,0.571429,0.057143,0.371429,28
962,0.55,0.05,0.4,28
970,0.59375,0.03125,0.375,28
1086,0.589041,0.020548,0.390411,28
1173,0.555556,0.111111,0.333333,28
1189,0.59375,0.03125,0.375,28
1200,0.53125,0.09375,0.375,28
1214,0.5,0.125,0.375,28
1290,0.518519,0.074074,0.407407,28
1350,0.512195,0.02439,0.463415,28
1412,0.59375,0.03125,0.375,28
1427,0.485714,0.114286,0.4,28
1480,0.533333,0.133333,0.333333,28
1486,0.5,0.111111,0.388889,28
1591,0.5,0.083333,0.416667,28
1615,0.566667,0.033333,0.4,28
1628,0.5,0.125,0.375,28
1740,0.533333,0.066667,0.4,28
1771,0.545455,0.045455,0.409091,28
1773,0.555556,0.055556,0.388889,28
1779,0.576923,0.038462,0.384615,28
1828,0.555556,0.111111,0.333333,28
1858,0.5,0.1,0.4,28
1870,0.485714,0.057143,0.457143,28
1871,0.55,0.066667,0.383333,28
1931,0.506329,0.126582,0.367089,28
1996,0.497487,0.095477,0.407035,28
2004,0.479532,0.116959,0.403509,28
2020,0.556962,0.126582,0.316456,28
2028,0.489362,0.070922,0.439716,28
2033,0.523256,0.046512,0.430233,28
2037,0.489583,0.125,0.385417,28
2050,0.575,0.058333,0.366667,28
2055,0.534884,0.04186,0.423256,28
2074,0.5,0.041667,0.458333,28
2207,0.568966,0.068966,0.362069,28
2245,0.516667,0.016667,0.466667,28
2266,0.506494,0.077922,0.415584,28
2286,0.538462,0.092308,0.369231,28
2304,0.543478,0.130435,0.326087,28
2322,0.541667,0.0625,0.395833,28
2326,0.55,0.025,0.425,28
2490,0.592593,0.037037,0.37037,28
2496,0.5,0.038462,0.461538,28
157,0.296296,0.703704,0,29
163,0.3,0.7,0,29
197,0.25,0.75,0,29
267,0.25,0.75,0,29
275,0.25,0.75,0,29
352,0.272727,0.727273,0,29
416,0.268293,0.682927,0.04878,29
626,0.26,0.7,0.04,29
641,0.229167,0.729167,0.041667,29
660,0.25,0.691667,0.058333,29
733,0.25,0.683333,0.066667,29
764,0.260417,0.729167,0.010417,29
765,0.243902,0.743902,0.012195,29
923,0.236111,0.722222,0.041667,29
1021,0.22619,0.714286,0.059524,29
1088,0.238095,0.714286,0.047619,29
1137,0.25,0.725,0.025,29
1166,0.230769,0.717949,0.051282,29
1219,0.266667,0.733333,0,29
1248,0.225806,0.709677,0.064516,29
1362,0.218182,0.709091,0.072727,29
1364,0.26087,0.695652,0.043478,29
1538,0.285714,0.666667,0.047619,29
1816,0.25,0.6875,0.0625,29
1951,0.295082,0.704918,0,29
1985,0.242574,0.757426,0,29
2026,0.275,0.71,0.015,29
2027,0.22549,0.730392,0.044118,29
2092,0.253333,0.746667,0,29
2117,0.231579,0.715789,0.052632,29
2313,0.243243,0.756757,0,29
2361,0.259259,0.703704,0.037037,29
2417,0.242424,0.727273,0.030303,29
2431,0.230769,0.692308,0.076923,29
2481,0.272727,0.727273,0,29
40,0.428571,0.285714,0.285714,3
169,0.428571,0.285714,0.285714,3
210,0.444444,0.277778,0.277778,3
298,0.444444,0.333333,0.222222,3
355,0.487179,0.25641,0.25641,3
422,0.416667,0.333333,0.25,3
629,0.428571,0.314286,0.257143,3
669,0.44,0.26,0.3,3
675,0.465969,0.319372,0.21466,3
754,0.444444,0.266667,0.288889,3
772,0.487805,0.292683,0.219512,3
872,0.4,0.311111,0.288889,3
898,0.465116,0.325581,0.209302,3
1061,0.452381,0.285714,0.261905,3
1091,0.414894,0.297872,0.287234,3
1103,0.4,0.333333,0.266667,3
1107,0.46729,0.28972,0.242991,3
1108,0.4375,0.3125,0.25,3
1164,0.473684,0.263158,0.263158,3
1234,0.5,0.266667,0.233333,3
1321,0.454545,0.272727,0.272727,3
1332,0.5,0.269231,0.230769,3
1384,0.473684,0.315789,0.210526,3
1406,0.434783,0.26087,0.304348,3
1428,0.470588,0.294118,0.235294,3
1437,0.481481,0.259259,0.259259,3
1548,0.4,0.3,0.3,3
1700,0.454545,0.272727,0.272727,3
1768,0.428571,0.321429,0.25,3
1898,0.434783,0.347826,0.217391,3
1909,0.413793,0.327586,0.258621,3
1911,0.45,0.3,0.25,3
1915,0.447761,0.343284,0.208955,3
1923,0.488889,0.288889,0.222222,3
2030,0.428571,0.300912,0.270517,3
2073,0.482759,0.287356,0.229885,3
2078,0.438776,0.255102,0.306122,3
2128,0.45283,0.301887,0.245283,3
2214,0.393939,0.333333,0.272727,3
2230,0.4375,0.291667,0.270833,3
2351,0.394737,0.315789,0.289474,3
2365,0.413793,0.310345,0.275862,3
2428,0.44,0.34,0.22,3
2465,0.419355,0.322581,0.258065,3
2503,0.44,0.32,0.24,3
50,0.125,0.4375,0.4375,30
53,0.090909,0.363636,0.545455,30
58,0.166667,0.333333,0.5,30
64,0.125,0.375,0.5,30
91,0.066667,0.4,0.533333,30
128,0.058824,0.411765,0.529412,30
212,0.111111,0.444444,0.444444,30
268,0.166667,0.333333,0.5,30
287,0.125,0.375,0.5,30
373,0.137931,0.448276,0.413793,30
375,0.142857,0.428571,0.428571,30
405,0.063927,0.479452,0.456621,30
421,0.107143,0.464286,0.428571,30
456,0.032258,0.483871,0.483871,30
484,0.080537,0.456376,0.463087,30
498,0.166667,0.388889,0.444444,30
534,0.166667,0.333333,0.5,30
568,0.071429,0.428571,0.5,30
595,0.179487,0.358974,0.461538,30
608,0.150943,0.45283,0.396226,30
617,0.2,0.36,0.44,30
652,0.142857,0.342857,0.514286,30
724,0.101124,0.420225,0.478652,30
807,0.133333,0.422222,0.444444,30
943,0.08,0.48,0.44,30
952,0.111111,0.4,0.488889,30
1019,0.065789,0.460526,0.473684,30
1090,0.1,0.45,0.45,30
1096,0.132353,0.441176,0.426471,30
1275,0.115385,0.384615,0.5,30
1278,0.032258,0.483871,0.483871,30
1286,0.117647,0.411765,0.470588,30
1312,0.114286,0.428571,0.457143,30
1382,0.166667,0.366667,0.466667,30
1433,0.172414,0.310345,0.517241,30
1477,0.16,0.32,0.52,30
1506,0.175,0.375,0.45,30
1558,0.166667,0.416667,0.416667,30
1564,0.136364,0.454545,0.409091,30
1579,0.176471,0.352941,0.470588,30
1589,0.105263,0.421053,0.473684,30
1601,0.153846,0.410256,0.435897,30
1610,0.136364,0.409091,0.454545,30
1611,0.173913,0.391304,0.434783,30
1648,0.105263,0.473684,0.421053,30
1671,0.1,0.5,0.4,30
1729,0.071429,0.5,0.428571,30
1826,0.166667,0.416667,0.416667,30
1946,0.125,0.3375,0.5375,30
1973,0.055556,0.363248,0.581197,30
1986,0.176923,0.4,0.423077,30
2024,0.050955,0.414013,0.535032,30
2044,0.169935,0.352941,0.477124,30
2112,0.066116,0.429752,0.504132,30
2137,0.101266,0.367089,0.531646,30
2165,0.079365,0.444444,0.47619,30
2193,0.053097,0.513274,0.433628,30
2247,0.130435,0.391304,0.478261,30
2281,0.119048,0.404762,0.47619,30
2348,0.078947,0.473684,0.447368,30
2349,0.103448,0.344828,0.551724,30
2359,0.133333,0.4,0.466667,30
2405,0.12,0.4,0.48,30
2411,0.138889,0.416667,0.444444,30
2442,0.111111,0.333333,0.555556,30
2470,0.086957,0.478261,0.434783,30
2483,0.1,0.5,0.4,30
2530,0.037037,0.518519,0.444444,30
2541,0.107143,0.464286,0.428571,30
94,0.022222,0.977778,0,31
109,0.115385,0.884615,0,31
110,0.055556,0.944444,0,31
177,0.15,0.85,0,31
178,0.1,0.9,0,31
202,0.066667,0.866667,0.066667,31
206,0.153846,0.846154,0,31
207,0.090909,0.909091,0,31
224,0.142857,0.857143,0,31
234,0.058824,0.941176,0,31
240,0.1,0.9,0,31
313,0.071429,0.880952,0.047619,31
327,0.058824,0.941176,0,31
348,0.069767,0.906977,0.023256,31
411,0.114286,0.857143,0.028571,31
414,0.15,0.85,0,31
432,0.05,0.95,0,31
447,0.111111,0.888889,0,31
483,0.125,0.875,0,31
576,0.153846,0.846154,0,31
717,0.042017,0.936975,0.021008,31
739,0.133333,0.86,0.006667,31
760,0.092593,0.888889,0.018519,31
811,0.119403,0.865672,0.014925,31
846,0.111111,0.844444,0.044444,31
909,0.068182,0.909091,0.022727,31
928,0.078125,0.859375,0.0625,31
937,0.054054,0.891892,0.054054,31
971,0.105263,0.842105,0.052632,31
974,0.1,0.86,0.04,31
1068,0.065217,0.913043,0.021739,31
1118,0.070175,0.894737,0.035088,31
1163,0.081081,0.864865,0.054054,31
1232,0.090909,0.857143,0.051948,31
1355,0.06,0.92,0.02,31
1388,0.095238,0.857143,0.047619,31
1390,0.043478,0.913043,0.043478,31
1400,0.038462,0.923077,0.038462,31
1446,0.085714,0.885714,0.028571,31
1475,0.055556,0.916667,0.027778,31
1520,0.068966,0.896552,0.034483,31
1600,0.125,0.84375,0.03125,31
1608,0.074074,0.888889,0.037037,31
1627,0.107143,0.857143,0.035714,31
1694,0.033333,0.933333,0.033333,31
1716,0.0625,0.875,0.0625,31
1772,0.15,0.85,0,31
1787,0.033333,0.933333,0.033333,31
1801,0.035714,0.964286,0,31
1875,0.03125,0.9375,0.03125,31
1890,0.142857,0.857143,0,31
1963,0.068966,0.862069,0.068966,31
1995,0.073529,0.919118,0.007353,31
2009,0.122581,0.83871,0.03871,31
2032,0.040541,0.936937,0.022523,31
2051,0.05,0.9,0.05,31
2054,0.124444,0.871111,0.004444,31
2059,0.085106,0.914894,0,31
2072,0.10084,0.865546,0.033613,31
2122,0.011494,0.988506,0,31
2132,0.109589,0.876712,0.013699,31
2155,0.107143,0.880952,0.011905,31
2243,0.048544,0.883495,0.067961,31
2246,0.066667,0.9,0.033333,31
2291,0.020979,0.972028,0.006993,31
2330,0.068966,0.87931,0.051724,31
2339,0.068966,0.896552,0.034483,31
2345,0.046512,0.883721,0.069767,31
2362,0.018868,0.962264,0.018868,31
2412,0.102564,0.871795,0.025641,31
2438,0.066667,0.866667,0.066667,31
2474,0.032258,0.935484,0.032258,31
2508,0.1,0.9,0,31
2510,0.04,0.88,0.08,31
2534,0.041667,0.916667,0.041667,31
392,0.636364,0.363636,0,32
408,0.607843,0.313725,0.078431,32
410,0.555556,0.333333,0.111111,32
458,0.575758,0.333333,0.090909,32
558,0.571429,0.428571,0,32
698,0.58871,0.330645,0.080645,32
749,0.565217,0.326087,0.108696,32
802,0.6,0.3,0.1,32
885,0.555556,0.333333,0.111111,32
1076,0.588235,0.341176,0.070588,32
1153,0.625,0.3125,0.0625,32
1252,0.583333,0.333333,0.083333,32
1276,0.571429,0.333333,0.095238,32
1303,0.545455,0.409091,0.045455,32
1336,0.583333,0.333333,0.083333,32
1387,0.612903,0.354839,0.032258,32
1403,0.5625,0.416667,0.020833,32
1464,0.53125,0.375,0.09375,32
1476,0.5625,0.3125,0.125,32
1490,0.617647,0.323529,0.058824,32
1505,0.625,0.35,0.025,32
1532,0.555556,0.37037,0.074074,32
1636,0.631579,0.315789,0.052632,32
1658,0.586207,0.344828,0.068966,32
1670,0.611111,0.333333,0.055556,32
1687,0.666667,0.296296,0.037037,32
1724,0.555556,0.333333,0.111111,32
1764,0.55814,0.418605,0.023256,32
1781,0.625,0.34375,0.03125,32
1809,0.55,0.35,0.1,32
1811,0.578947,0.315789,0.105263,32
1864,0.541667,0.375,0.083333,32
1891,0.565217,0.391304,0.043478,32
1964,0.676301,0.289017,0.034682,32
1981,0.666667,0.305556,0.027778,32
1992,0.640741,0.314815,0.044444,32
2008,0.576037,0.40553,0.018433,32
2135,0.568627,0.392157,0.039216,32
2159,0.636364,0.327273,0.036364,32
2173,0.628931,0.345912,0.025157,32
2287,0.62,0.3,0.08,32
2319,0.653061,0.316327,0.030612,32
2360,0.625,0.3125,0.0625,32
2425,0.666667,0.311111,0.022222,32
2467,0.594595,0.351351,0.054054,32
2514,0.566667,0.333333,0.1,32
2516,0.62069,0.37931,0,32
0,0,0.916667,0.083333,33
31,0,0.909091,0.090909,33
57,0,0.9,0.1,33
95,0.016949,0.864407,0.118644,33
105,0,0.941176,0.058824,33
118,0,0.935484,0.064516,33
120,0,0.916667,0.083333,33
122,0,0.925926,0.074074,33
123,0,0.878788,0.121212,33
139,0,0.941176,0.058824,33
173,0,0.9,0.1,33
174,0,0.910714,0.089286,33
176,0,0.925926,0.074074,33
194,0,0.941176,0.058824,33
201,0,0.9375,0.0625,33
209,0.027027,0.864865,0.108108,33
228,0,0.928571,0.071429,33
244,0,0.882353,0.117647,33
245,0,0.894737,0.105263,33
269,0,0.909091,0.090909,33
319,0,0.9,0.1,33
345,0,0.9,0.1,33
354,0,0.918367,0.081633,33
378,0,0.88,0.12,33
387,0,0.933333,0.066667,33
395,0,0.916667,0.083333,33
417,0,0.918367,0.081633,33
428,0,0.9375,0.0625,33
435,0,0.885714,0.114286,33
468,0,0.88,0.12,33
510,0,0.935484,0.064516,33
513,0,0.909091,0.090909,33
547,0,0.884615,0.115385,33
578,0,0.916667,0.083333,33
702,0,0.89899,0.10101,33
709,0.004444,0.953333,0.042222,33
726,0,0.88685,0.11315,33
751,0,0.9375,0.0625,33
755,0,0.92,0.08,33
773,0.011628,0.965116,0.023256,33
804,0,0.914286,0.085714,33
813,0.028169,0.929577,0.042254,33
818,0.020833,0.895833,0.083333,33
845,0,0.9375,0.0625,33
851,0,0.88,0.12,33
852,0,0.930233,0.069767,33
866,0,0.891304,0.108696,33
874,0.027778,0.861111,0.111111,33
926,0,0.9,0.1,33
950,0,0.928571,0.071429,33
975,0,0.88,0.12,33
978,0.028571,0.914286,0.057143,33
988,0.014493,0.898551,0.086957,33
998,0.020725,0.943005,0.036269,33
1001,0,0.930769,0.069231,33
1041,0.019608,0.901961,0.078431,33
1054,0.014925,0.955224,0.029851,33
1060,0,0.886364,0.113636,33
1070,0,0.933333,0.066667,33
1211,0,0.909091,0.090909,33
1213,0,0.884058,0.115942,33
1273,0,0.909091,0.090909,33
1319,0,0.892857,0.107143,33
1331,0.025641,0.923077,0.051282,33
1346,0.03125,0.90625,0.0625,33
1347,0.02381,0.928571,0.047619,33
1349,0,0.92,0.08,33
1351,0.016129,0.951613,0.032258,33
1422,0.011628,0.965116,0.023256,33
1461,0,0.94,0.06,33
1462,0,0.888889,0.111111,33
1495,0.031746,0.904762,0.063492,33
1528,0.022222,0.911111,0.066667,33
1549,0,0.92,0.08,33
1557,0,0.933333,0.066667,33
1567,0,0.894737,0.105263,33
1572,0,0.882353,0.117647,33
1574,0,0.894737,0.105263,33
1661,0,0.928571,0.071429,33
1756,0.020408,0.918367,0.061224,33
1766,0,0.891892,0.108108,33
1815,0,0.928571,0.071429,33
1820,0.028571,0.914286,0.057143,33
1827,0,0.882353,0.117647,33
1844,0,0.9,0.1,33
1926,0,0.935484,0.064516,33
1944,0,0.92,0.08,33
2001,0.025,0.87,0.105,33
2012,0.029126,0.893204,0.07767,33
2049,0.009524,0.895238,0.095238,33
2062,0,0.937255,0.062745,33
2086,0.033557,0.90604,0.060403,33
2107,0,0.931624,0.068376,33
2129,0.019231,0.884615,0.096154,33
2134,0.016393,0.95082,0.032787,33
2166,0,0.918919,0.081081,33
2233,0.005917,0.857988,0.136095,33
2268,0,0.940299,0.059701,33
2274,0.020408,0.938776,0.040816,33
2282,0,0.9,0.1,33
2283,0.018868,0.924528,0.056604,33
2290,0,0.934783,0.065217,33
2311,0,0.895833,0.104167,33
2328,0.034483,0.87931,0.086207,33
2329,0.022222,0.911111,0.066667,33
2331,0,0.9375,0.0625,33
2367,0,0.921053,0.078947,33
2448,0.019608,0.862745,0.117647,33
2453,0.020833,0.916667,0.0625,33
2482,0.035714,0.892857,0.071429,33
2515,0.027027,0.864865,0.108108,33
2544,0,0.911765,0.088235,33
2545,0,0.894737,0.105263,33
96,0.645833,0.1875,0.166667,34
127,0.681818,0.136364,0.181818,34
257,0.714286,0.142857,0.142857,34
260,0.666667,0.166667,0.166667,34
274,0.666667,0.166667,0.166667,34
280,0.666667,0.166667,0.166667,34
443,0.619048,0.190476,0.190476,34
531,0.666667,0.133333,0.2,34
557,0.666667,0.111111,0.222222,34
588,0.722222,0.111111,0.166667,34
613,0.688889,0.133333,0.177778,34
767,0.727273,0.136364,0.136364,34
895,0.736842,0.105263,0.157895,34
919,0.719512,0.097561,0.182927,34
941,0.708333,0.125,0.166667,34
986,0.658824,0.129412,0.211765,34
1031,0.685714,0.128571,0.185714,34
1048,0.697674,0.093023,0.209302,34
1089,0.655172,0.172414,0.172414,34
1165,0.704545,0.090909,0.204545,34
1190,0.621212,0.181818,0.19697,34
1193,0.736842,0.105263,0.157895,34
1206,0.714286,0.142857,0.142857,34
1251,0.666667,0.166667,0.166667,34
1271,0.733333,0.1,0.166667,34
1318,0.703704,0.111111,0.185185,34
1374,0.684211,0.105263,0.210526,34
1378,0.6875,0.09375,0.21875,34
1414,0.65,0.15,0.2,34
1463,0.642857,0.142857,0.214286,34
1541,0.703704,0.185185,0.111111,34
1543,0.722222,0.166667,0.111111,34
1575,0.615385,0.153846,0.230769,34
1746,0.636364,0.181818,0.181818,34
1883,0.636364,0.181818,0.181818,34
1894,0.705882,0.117647,0.176471,34
1900,0.695652,0.086957,0.217391,34
1991,0.69697,0.151515,0.151515,34
2017,0.675676,0.148649,0.175676,34
2048,0.735849,0.069182,0.194969,34
2172,0.68,0.16,0.16,34
2182,0.647059,0.152941,0.2,34
2413,0.666667,0.133333,0.2,34
2420,0.645161,0.129032,0.225806,34
2435,0.636364,0.181818,0.181818,34
2439,0.62963,0.185185,0.185185,34
2523,0.642857,0.142857,0.214286,34
3,0,0.666667,0.333333,35
22,0,0.678571,0.321429,35
29,0,0.6875,0.3125,35
33,0,0.692308,0.307692,35
43,0,0.692308,0.307692,35
60,0,0.666667,0.333333,35
62,0,0.666667,0.333333,35
77,0,0.645161,0.354839,35
86,0,0.648649,0.351351,35
113,0,0.64557,0.35443,35
115,0,0.666667,0.333333,35
159,0,0.714286,0.285714,35
164,0,0.7,0.3,35
340,0,0.7,0.3,35
399,0,0.645161,0.354839,35
448,0,0.676471,0.323529,35
470,0,0.65,0.35,35
475,0,0.714286,0.285714,35
526,0,0.692308,0.307692,35
562,0,0.727273,0.272727,35
567,0,0.714286,0.285714,35
638,0.012821,0.666667,0.320513,35
736,0.016129,0.677419,0.306452,35
763,0,0.71875,0.28125,35
785,0,0.7,0.3,35
831,0,0.7,0.3,35
911,0,0.642857,0.357143,35
917,0,0.666667,0.333333,35
979,0,0.64,0.36,35
1051,0,0.701754,0.298246,35
1131,0,0.7,0.3,35
1136,0.038462,0.692308,0.269231,35
1183,0,0.647059,0.352941,35
1240,0,0.65625,0.34375,35
1284,0,0.692308,0.307692,35
1288,0.035714,0.678571,0.285714,35
1366,0,0.6875,0.3125,35
1379,0,0.692308,0.307692,35
1398,0.04,0.68,0.28,35
1453,0.025641,0.692308,0.282051,35
1454,0,0.727273,0.272727,35
1606,0,0.644444,0.355556,35
1624,0,0.717949,0.282051,35
1684,0,0.6875,0.3125,35
1713,0,0.692308,0.307692,35
1747,0,0.727273,0.272727,35
1763,0,0.652174,0.347826,35
1881,0,0.648649,0.351351,35
1966,0,0.670103,0.329897,35
2034,0.0271,0.663957,0.308943,35
2042,0.035354,0.691919,0.272727,35
2113,0,0.682171,0.317829,35
2133,0,0.641509,0.358491,35
2175,0.018182,0.672727,0.309091,35
2202,0,0.717593,0.282407,35
2248,0,0.660377,0.339623,35
2269,0,0.720588,0.279412,35
2292,0.020408,0.673469,0.306122,35
2310,0,0.65,0.35,35
2393,0,0.6875,0.3125,35
2404,0,0.6875,0.3125,35
2475,0,0.68,0.32,35
2487,0,0.65625,0.34375,35
2552,0,0.666667,0.333333,35
10,0.253425,0.547945,0.19863,36
147,0.222222,0.555556,0.222222,36
263,0.2,0.6,0.2,36
303,0.222222,0.555556,0.222222,36
338,0.222222,0.555556,0.222222,36
439,0.2,0.6,0.2,36
593,0.209302,0.604651,0.186047,36
650,0.25,0.525,0.225,36
653,0.25641,0.564103,0.179487,36
657,0.25,0.558824,0.191176,36
658,0.242857,0.571429,0.185714,36
681,0.219512,0.536585,0.243902,36
699,0.230769,0.598291,0.17094,36
734,0.235294,0.568627,0.196078,36
753,0.25641,0.564103,0.179487,36
766,0.263158,0.526316,0.210526,36
806,0.2,0.6,0.2,36
828,0.264706,0.558824,0.176471,36
854,0.2,0.62,0.18,36
905,0.25,0.55,0.2,36
912,0.208333,0.541667,0.25,36
1013,0.2,0.625,0.175,36
1072,0.25,0.575,0.175,36
1084,0.267016,0.554974,0.17801,36
1104,0.206897,0.586207,0.206897,36
1330,0.25,0.55,0.2,36
1344,0.25,0.55,0.2,36
1372,0.176471,0.588235,0.235294,36
1373,0.266667,0.533333,0.2,36
1466,0.241935,0.548387,0.209677,36
1509,0.24,0.56,0.2,36
1525,0.2,0.6,0.2,36
1526,0.2,0.6,0.2,36
1586,0.210526,0.578947,0.210526,36
1638,0.192308,0.615385,0.192308,36
1725,0.214286,0.571429,0.214286,36
1753,0.263158,0.578947,0.157895,36
1776,0.272727,0.545455,0.181818,36
1793,0.2,0.6,0.2,36
1822,0.166667,0.6,0.233333,36
1892,0.272727,0.545455,0.181818,36
1903,0.2,0.575,0.225,36
1940,0.222222,0.545455,0.232323,36
1943,0.22807,0.578947,0.192982,36
1980,0.185185,0.592593,0.222222,36
2036,0.24,0.56,0.2,36
2200,0.241611,0.536913,0.221477,36
2257,0.233333,0.533333,0.233333,36
2305,0.234043,0.595745,0.170213,36
2316,0.178571,0.607143,0.214286,36
2379,0.26,0.56,0.18,36
2381,0.1875,0.5625,0.25,36
2443,0.195122,0.560976,0.243902,36
2446,0.212121,0.606061,0.181818,36
2449,0.263158,0.526316,0.210526,36
2550,0.210526,0.578947,0.210526,36
2551,0.272727,0.545455,0.181818,36
8,0,0.75,0.25,37
16,0,0.769231,0.230769,37
27,0,0.741935,0.258065,37
34,0,0.785714,0.214286,37
42,0,0.75,0.25,37
74,0,0.742857,0.257143,37
114,0,0.780488,0.219512,37
116,0.058824,0.764706,0.176471,37
143,0,0.75,0.25,37
149,0,0.789474,0.210526,37
154,0,0.730769,0.269231,37
208,0.030303,0.787879,0.181818,37
231,0,0.763158,0.236842,37
235,0.064516,0.741935,0.193548,37
259,0,0.75,0.25,37
288,0,0.75,0.25,37
306,0,0.785714,0.214286,37
312,0,0.789474,0.210526,37
315,0,0.75,0.25,37
318,0,0.777778,0.222222,37
361,0,0.788889,0.211111,37
394,0,0.789474,0.210526,37
407,0.051282,0.774359,0.174359,37
464,0,0.777778,0.222222,37
496,0.05,0.75,0.2,37
536,0.066667,0.733333,0.2,37
539,0,0.764706,0.235294,37
560,0.05,0.7,0.25,37
574,0,0.769231,0.230769,37
586,0.033333,0.766667,0.2,37
601,0,0.747475,0.252525,37
637,0,0.793651,0.206349,37
663,0,0.745763,0.254237,37
674,0,0.795082,0.204918,37
683,0.05,0.766667,0.183333,37
685,0.021739,0.73913,0.23913,37
826,0,0.766667,0.233333,37
835,0.045455,0.727273,0.227273,37
869,0.021739,0.804348,0.173913,37
881,0,0.759494,0.240506,37
888,0.027778,0.722222,0.25,37
981,0.027778,0.777778,0.194444,37
1020,0.03,0.78,0.19,37
1022,0.048544,0.747573,0.203883,37
1144,0,0.785714,0.214286,37
1192,0.05,0.75,0.2,37
1226,0,0.733333,0.266667,37
1257,0.045455,0.727273,0.227273,37
1301,0,0.756098,0.243902,37
1328,0.047619,0.761905,0.190476,37
1356,0.038462,0.730769,0.230769,37
1365,0.054054,0.72973,0.216216,37
1386,0.05,0.75,0.2,37
1391,0,0.791667,0.208333,37
1440,0.012048,0.771084,0.216867,37
1470,0.057143,0.771429,0.171429,37
1498,0.012987,0.779221,0.207792,37
1502,0,0.757576,0.242424,37
1513,0.05,0.75,0.2,37
1531,0.047619,0.761905,0.190476,37
1546,0.043478,0.695652,0.26087,37
1620,0.058824,0.764706,0.176471,37
1640,0,0.76,0.24,37
1649,0,0.777778,0.222222,37
1683,0,0.761905,0.238095,37
1709,0,0.733333,0.266667,37
1736,0.052632,0.736842,0.210526,37
1738,0,0.75,0.25,37
1744,0.047619,0.761905,0.190476,37
1762,0.057143,0.714286,0.228571,37
1852,0.032258,0.709677,0.258065,37
1854,0,0.736842,0.263158,37
1893,0,0.75,0.25,37
1895,0.045455,0.727273,0.227273,37
1975,0.013158,0.776316,0.210526,37
1982,0.026087,0.713043,0.26087,37
2016,0,0.763441,0.236559,37
2099,0,0.787879,0.212121,37
2115,0.038961,0.792208,0.168831,37
2212,0.013072,0.72549,0.261438,37
2264,0.030769,0.738462,0.230769,37
2275,0.033898,0.762712,0.20339,37
2280,0.04878,0.768293,0.182927,37
2307,0,0.72973,0.27027,37
2309,0,0.75,0.25,37
2373,0.066667,0.733333,0.2,37
2408,0.029412,0.794118,0.176471,37
2410,0.035714,0.75,0.214286,37
2434,0,0.736842,0.263158,37
2479,0,0.75,0.25,37
2488,0,0.75,0.25,37
2535,0.03125,0.78125,0.1875,37
2549,0,0.777778,0.222222,37
2553,0.038462,0.769231,0.192308,37
23,0.25,0.25,0.5,38
229,0.272727,0.272727,0.454545,38
241,0.230769,0.307692,0.461538,38
349,0.222222,0.322222,0.455556,38
425,0.285714,0.285714,0.428571,38
481,0.25,0.25,0.5,38
518,0.263158,0.263158,0.473684,38
715,0.285714,0.3,0.414286,38
745,0.277778,0.333333,0.388889,38
829,0.266667,0.311111,0.422222,38
853,0.225,0.3,0.475,38
870,0.26,0.26,0.48,38
882,0.25,0.3,0.45,38
960,0.3,0.25,0.45,38
993,0.247059,0.288235,0.464706,38
1025,0.313725,0.254902,0.431373,38
1156,0.25,0.25,0.5,38
1236,0.259259,0.296296,0.444444,38
1314,0.246377,0.318841,0.434783,38
1323,0.208333,0.291667,0.5,38
1419,0.296296,0.259259,0.444444,38
1493,0.272727,0.242424,0.484848,38
1660,0.227273,0.318182,0.454545,38
1835,0.25,0.25,0.5,38
1862,0.266667,0.333333,0.4,38
1874,0.263158,0.263158,0.473684,38
2095,0.300813,0.292683,0.406504,38
2100,0.270588,0.294118,0.435294,38
2158,0.253731,0.253731,0.492537,38
2220,0.240741,0.314815,0.444444,38
2242,0.254386,0.254386,0.491228,38
2260,0.272727,0.295455,0.431818,38
2318,0.257143,0.257143,0.485714,38
2356,0.263158,0.315789,0.421053,38
2422,0.27027,0.324324,0.405405,38
2463,0.304348,0.26087,0.434783,38
2466,0.266667,0.266667,0.466667,38
1,0,0.444444,0.555556,39
9,0,0.5,0.5,39
55,0,0.478261,0.521739,39
79,0,0.466667,0.533333,39
93,0,0.428571,0.571429,39
107,0,0.4,0.6,39
117,0,0.454545,0.545455,39
131,0,0.461538,0.538462,39
151,0,0.454545,0.545455,39
187,0,0.428571,0.571429,39
192,0,0.5,0.5,39
193,0,0.428571,0.571429,39
195,0,0.5,0.5,39
256,0,0.423077,0.576923,39
264,0,0.5,0.5,39
278,0,0.5,0.5,39
285,0,0.5,0.5,39
323,0,0.444444,0.555556,39
324,0,0.5,0.5,39
409,0,0.5,0.5,39
418,0,0.4,0.6,39
436,0,0.430769,0.569231,39
466,0,0.411765,0.588235,39
474,0,0.51,0.49,39
479,0,0.4,0.6,39
493,0,0.4,0.6,39
499,0,0.5,0.5,39
508,0,0.444444,0.555556,39
517,0,0.392857,0.607143,39
530,0,0.4,0.6,39
554,0,0.454545,0.545455,39
561,0,0.444444,0.555556,39
577,0,0.4375,0.5625,39
672,0,0.525,0.475,39
695,0,0.515152,0.484848,39
719,0,0.513043,0.486957,39
864,0.033333,0.433333,0.533333,39
893,0,0.44,0.56,39
1050,0.038462,0.392308,0.569231,39
1289,0,0.5,0.5,39
1313,0.014085,0.464789,0.521127,39
1327,0,0.521739,0.478261,39
1450,0,0.5,0.5,39
1507,0,0.423077,0.576923,39
1547,0,0.444444,0.555556,39
1573,0.028571,0.428571,0.542857,39
1587,0,0.416667,0.583333,39
1698,0.02439,0.390244,0.585366,39
1722,0,0.5,0.5,39
1743,0,0.454545,0.545455,39
1770,0,0.461538,0.538462,39
1837,0,0.428571,0.571429,39
1838,0,0.428571,0.571429,39
1847,0,0.5,0.5,39
1873,0.027778,0.388889,0.583333,39
2031,0,0.47807,0.52193,39
2038,0,0.489655,0.510345,39
2131,0.025641,0.461538,0.512821,39
2279,0.019608,0.490196,0.490196,39
2371,0,0.428571,0.571429,39
2395,0,0.382353,0.617647,39
5,0,0.6,0.4,4
18,0.04,0.6,0.36,4
24,0,0.633333,0.366667,4
56,0,0.625,0.375,4
63,0,0.545455,0.454545,4
84,0,0.55,0.45,4
112,0,0.555556,0.444444,4
119,0,0.615385,0.384615,4
140,0,0.614286,0.385714,4
172,0,0.54902,0.45098,4
181,0,0.590909,0.409091,4
198,0,0.555556,0.444444,4
310,0,0.625,0.375,4
321,0,0.625,0.375,4
342,0,0.625,0.375,4
412,0,0.621622,0.378378,4
482,0,0.555556,0.444444,4
500,0,0.6,0.4,4
501,0,0.6,0.4,4
538,0,0.6,0.4,4
572,0,0.6,0.4,4
827,0,0.5625,0.4375,4
834,0,0.6,0.4,4
877,0,0.54,0.46,4
880,0,0.604651,0.395349,4
1085,0,0.635135,0.364865,4
1087,0,0.59375,0.40625,4
1210,0,0.619048,0.380952,4
1245,0.03125,0.625,0.34375,4
1281,0,0.6,0.4,4
1285,0.022727,0.590909,0.386364,4
1287,0.025424,0.59322,0.381356,4
1296,0.023256,0.55814,0.418605,4
1307,0,0.608696,0.391304,4
1459,0,0.55,0.45,4
1496,0.038961,0.558442,0.402597,4
1518,0,0.615385,0.384615,4
1533,0,0.611111,0.388889,4
1614,0,0.592593,0.407407,4
1672,0,0.588235,0.411765,4
1696,0,0.551724,0.448276,4
1723,0,0.555556,0.444444,4
1726,0,0.538462,0.461538,4
1829,0,0.571429,0.428571,4
1869,0,0.55,0.45,4
1877,0,0.615385,0.384615,4
1880,0,0.588235,0.411765,4
1942,0,0.62,0.38,4
1993,0.030303,0.572727,0.39697,4
2025,0.042017,0.588235,0.369748,4
2041,0.02994,0.54491,0.42515,4
2087,0,0.57971,0.42029,4
2146,0.038462,0.576923,0.384615,4
2150,0,0.602041,0.397959,4
2184,0.0125,0.575,0.4125,4
2194,0.016667,0.616667,0.366667,4
2285,0,0.594203,0.405797,4
2385,0,0.57971,0.42029,4
2390,0.045455,0.560606,0.393939,4
2402,0,0.590164,0.409836,4
2415,0.033333,0.533333,0.433333,4
2424,0,0.636364,0.363636,4
78,0.48,0.2,0.32,40
179,0.416667,0.208333,0.375,40
221,0.4,0.2,0.4,40
380,0.444444,0.222222,0.333333,40
390,0.48,0.22,0.3,40
440,0.5,0.15,0.35,40
444,0.434783,0.173913,0.391304,40
495,0.5,0.2,0.3,40
548,0.5,0.2,0.3,40
664,0.475,0.225,0.3,40
673,0.446429,0.151786,0.401786,40
708,0.453552,0.136612,0.409836,40
711,0.399194,0.193548,0.407258,40
768,0.4375,0.234375,0.328125,40
775,0.438356,0.150685,0.410959,40
786,0.416667,0.208333,0.375,40
814,0.484848,0.181818,0.333333,40
819,0.5,0.181818,0.318182,40
833,0.454545,0.2,0.345455,40
879,0.428571,0.2,0.371429,40
899,0.441176,0.235294,0.323529,40
904,0.40625,0.25,0.34375,40
1008,0.387755,0.204082,0.408163,40
1027,0.461538,0.138462,0.4,40
1043,0.482759,0.172414,0.344828,40
1083,0.421053,0.210526,0.368421,40
1119,0.477273,0.181818,0.340909,40
1170,0.415094,0.226415,0.358491,40
1241,0.484848,0.181818,0.333333,40
1269,0.421053,0.263158,0.315789,40
1291,0.461538,0.230769,0.307692,40
1363,0.428571,0.214286,0.357143,40
1474,0.4375,0.25,0.3125,40
1504,0.5,0.166667,0.333333,40
1598,0.451613,0.225806,0.322581,40
1634,0.421053,0.210526,0.368421,40
1645,0.461538,0.153846,0.384615,40
1783,0.5,0.136364,0.363636,40
1808,0.5,0.142857,0.357143,40
1945,0.427536,0.246377,0.326087,40
1948,0.436364,0.163636,0.4,40
1962,0.422535,0.225352,0.352113,40
1978,0.522449,0.155102,0.322449,40
2070,0.392157,0.196078,0.411765,40
2106,0.405063,0.202532,0.392405,40
2140,0.47619,0.206349,0.31746,40
2148,0.479167,0.208333,0.3125,40
2171,0.431373,0.156863,0.411765,40
2228,0.419643,0.205357,0.375,40
2401,0.478261,0.173913,0.347826,40
2441,0.5,0.15625,0.34375,40
2452,0.47619,0.190476,0.333333,40
2456,0.470588,0.176471,0.352941,40
2494,0.428571,0.25,0.321429,40
14,0.166667,0.166667,0.666667,5
36,0.2,0.2,0.6,5
71,0.222222,0.222222,0.555556,5
188,0.142857,0.285714,0.571429,5
204,0.166667,0.166667,0.666667,5
218,0.2,0.2,0.6,5
237,0.157895,0.210526,0.631579,5
335,0.153846,0.230769,0.615385,5
403,0.2,0.16,0.64,5
455,0.181818,0.181818,0.636364,5
478,0.2,0.2,0.6,5
542,0.166667,0.277778,0.555556,5
585,0.166667,0.266667,0.566667,5
622,0.144737,0.263158,0.592105,5
623,0.135135,0.189189,0.675676,5
654,0.217391,0.217391,0.565217,5
687,0.071429,0.303571,0.625,5
692,0.264706,0.176471,0.558824,5
713,0.204678,0.24269,0.552632,5
747,0.066667,0.3,0.633333,5
790,0.2,0.25,0.55,5
1029,0.1875,0.1875,0.625,5
1228,0.235294,0.205882,0.558824,5
1263,0.111111,0.277778,0.611111,5
1368,0.12,0.2,0.68,5
1370,0.125,0.25,0.625,5
1409,0.153846,0.230769,0.615385,5
1420,0.263158,0.157895,0.578947,5
1438,0.181818,0.227273,0.590909,5
1524,0.235294,0.176471,0.588235,5
1536,0.176471,0.176471,0.647059,5
1554,0.125,0.25,0.625,5
1585,0.214286,0.214286,0.571429,5
1668,0.222222,0.222222,0.555556,5
1682,0.166667,0.166667,0.666667,5
1704,0.153846,0.307692,0.538462,5
1727,0.15,0.3,0.55,5
1806,0.230769,0.230769,0.538462,5
1814,0.2,0.2,0.6,5
1879,0.16129,0.225806,0.612903,5
1904,0.117647,0.294118,0.588235,5
1937,0.147059,0.279412,0.573529,5
1953,0.109705,0.248945,0.64135,5
1983,0.225806,0.169355,0.604839,5
2039,0.240964,0.192771,0.566265,5
2047,0.175,0.27,0.555,5
2071,0.228571,0.152381,0.619048,5
2144,0.166667,0.3,0.533333,5
2167,0.074074,0.296296,0.62963,5
2176,0.205882,0.235294,0.558824,5
2181,0.1125,0.2625,0.625,5
2231,0.255814,0.162791,0.581395,5
2289,0.151163,0.22093,0.627907,5
2397,0.176471,0.235294,0.588235,5
2406,0.1875,0.21875,0.59375,5
2429,0.116279,0.27907,0.604651,5
2497,0.153846,0.153846,0.692308,5
2536,0.153846,0.153846,0.692308,5
186,0.875,0.125,0,6
254,0.75,0.125,0.125,6
294,0.75,0.125,0.125,6
297,0.75,0.125,0.125,6
469,0.821429,0.107143,0.071429,6
545,0.75,0.05,0.2,6
569,0.933333,0.066667,0,6
671,0.773585,0.037736,0.188679,6
718,0.764706,0.123529,0.111765,6
812,0.806452,0.048387,0.145161,6
841,0.754717,0.09434,0.150943,6
862,0.809524,0.047619,0.142857,6
891,0.902439,0.073171,0.02439,6
927,0.847826,0.086957,0.065217,6
985,0.862559,0.018957,0.118483,6
1012,0.888889,0.044444,0.066667,6
1014,0.8,0.08,0.12,6
1015,0.926829,0.030488,0.042683,6
1034,0.833333,0.016667,0.15,6
1227,0.75,0.15,0.1,6
1297,0.823529,0.117647,0.058824,6
1348,0.833333,0.133333,0.033333,6
1375,0.769231,0.076923,0.153846,6
1399,0.791667,0.041667,0.166667,6
1458,0.8,0.05,0.15,6
1468,0.772727,0.136364,0.090909,6
1522,0.807692,0.038462,0.153846,6
1556,0.8,0.1,0.1,6
1652,0.833333,0.125,0.041667,6
1718,0.8,0.066667,0.133333,6
1792,0.772727,0.045455,0.181818,6
1908,0.836364,0.036364,0.127273,6
2170,0.768116,0.144928,0.086957,6
2239,0.808824,0.073529,0.117647,6
2273,0.76087,0.108696,0.130435,6
2294,0.842105,0.035088,0.122807,6
2315,0.793103,0.068966,0.137931,6
2366,0.894737,0.052632,0.052632,6
2374,0.833333,0.133333,0.033333,6
2387,0.763158,0.026316,0.210526,6
2454,0.809524,0.119048,0.071429,6
6,0,0.25,0.75,7
7,0,0.25,0.75,7
12,0,0.25,0.75,7
45,0,0.222222,0.777778,7
66,0,0.277778,0.722222,7
85,0,0.285714,0.714286,7
88,0,0.27027,0.72973,7
89,0,0.25,0.75,7
106,0,0.285714,0.714286,7
121,0.028571,0.285714,0.685714,7
138,0,0.266667,0.733333,7
203,0.012658,0.35443,0.632911,7
236,0,0.28,0.72,7
262,0,0.333333,0.666667,7
266,0,0.333333,0.666667,7
307,0,0.25,0.75,7
370,0.0625,0.25,0.6875,7
442,0,0.25,0.75,7
502,0,0.3,0.7,7
528,0,0.375,0.625,7
559,0,0.363636,0.636364,7
646,0,0.289474,0.710526,7
647,0,0.333333,0.666667,7
795,0,0.258373,0.741627,7
843,0,0.3,0.7,7
1055,0.05,0.325,0.625,7
1188,0,0.35,0.65,7
1664,0,0.363636,0.636364,7
1673,0,0.3,0.7,7
1681,0,0.25,0.75,7
1749,0,0.230769,0.769231,7
1805,0.055556,0.277778,0.666667,7
1841,0.047619,0.333333,0.619048,7
1920,0,0.277778,0.722222,7
1968,0,0.27439,0.72561,7
2056,0,0.364407,0.635593,7
2120,0,0.285714,0.714286,7
2143,0.047619,0.309524,0.642857,7
2332,0.031746,0.301587,0.666667,7
2519,0,0.347826,0.652174,7
4,0.166667,0.5,0.333333,8
39,0.125,0.5,0.375,8
48,0.1,0.6,0.3,8
49,0.166667,0.5,0.333333,8
75,0.190476,0.52381,0.285714,8
129,0.076923,0.615385,0.307692,8
144,0.166667,0.5,0.333333,8
205,0.066667,0.566667,0.366667,8
211,0.142857,0.571429,0.285714,8
222,0.166667,0.583333,0.25,8
292,0.045455,0.590909,0.363636,8
301,0.181818,0.545455,0.272727,8
366,0.125,0.5,0.375,8
379,0.1,0.6,0.3,8
397,0.058824,0.588235,0.352941,8
453,0.071429,0.607143,0.321429,8
505,0.083333,0.583333,0.333333,8
506,0.178571,0.535714,0.285714,8
516,0.108696,0.630435,0.26087,8
525,0.066667,0.533333,0.4,8
535,0.090909,0.636364,0.272727,8
540,0.142857,0.571429,0.285714,8
627,0.134615,0.596154,0.269231,8
645,0.1,0.62,0.28,8
655,0.140187,0.504673,0.35514,8
656,0.069767,0.604651,0.325581,8
714,0.140468,0.558528,0.301003,8
721,0.122807,0.495614,0.381579,8
730,0.10101,0.550505,0.348485,8
735,0.078947,0.605263,0.315789,8
756,0.142857,0.578571,0.278571,8
789,0.177778,0.533333,0.288889,8
800,0.12,0.56,0.32,8
821,0.175439,0.526316,0.298246,8
844,0.166667,0.555556,0.277778,8
860,0.092593,0.62963,0.277778,8
863,0.090909,0.545455,0.363636,8
922,0.136364,0.545455,0.318182,8
939,0.064516,0.548387,0.387097,8
953,0.071429,0.642857,0.285714,8
954,0.047619,0.619048,0.333333,8
959,0.090909,0.590909,0.318182,8
991,0.112245,0.510204,0.377551,8
994,0.064935,0.623377,0.311688,8
1023,0.111111,0.622222,0.266667,8
1049,0.157895,0.596491,0.245614,8
1082,0.053333,0.546667,0.4,8
1092,0.107143,0.607143,0.285714,8
1094,0.176471,0.514706,0.308824,8
1101,0.145455,0.563636,0.290909,8
1115,0.142857,0.614286,0.242857,8
1116,0.189189,0.513514,0.297297,8
1140,0.08,0.64,0.28,8
1179,0.166667,0.583333,0.25,8
1197,0.133333,0.533333,0.333333,8
1202,0.1,0.6,0.3,8
1212,0.107143,0.5,0.392857,8
1233,0.119048,0.52381,0.357143,8
1243,0.058824,0.647059,0.294118,8
1256,0.136364,0.590909,0.272727,8
1266,0.06,0.66,0.28,8
1352,0.16,0.6,0.24,8
1358,0.135135,0.540541,0.324324,8
1383,0.125,0.583333,0.291667,8
1417,0.101695,0.576271,0.322034,8
1424,0.125,0.5625,0.3125,8
1436,0.173913,0.565217,0.26087,8
1445,0.125,0.541667,0.333333,8
1523,0.166667,0.555556,0.277778,8
1553,0.125,0.5625,0.3125,8
1568,0.142857,0.542857,0.314286,8
1571,0.142857,0.6,0.257143,8
1613,0.055556,0.638889,0.305556,8
1650,0.166667,0.555556,0.277778,8
1654,0.133333,0.6,0.266667,8
1703,0.1,0.55,0.35,8
1728,0.142857,0.5,0.357143,8
1750,0.142857,0.5,0.357143,8
1754,0.1,0.6,0.3,8
1758,0.125,0.5,0.375,8
1767,0.137931,0.482759,0.37931,8
1769,0.147059,0.5,0.352941,8
1788,0.142857,0.619048,0.238095,8
1817,0.095238,0.571429,0.333333,8
1825,0.058824,0.588235,0.352941,8
1832,0.125,0.5,0.375,8
1845,0.066667,0.6,0.333333,8
1856,0.1,0.6,0.3,8
1884,0.153846,0.538462,0.307692,8
1941,0.052632,0.578947,0.368421,8
1950,0.151261,0.504202,0.344538,8
1972,0.185185,0.493827,0.320988,8
2007,0.089286,0.602679,0.308036,8
2011,0.138889,0.527778,0.333333,8
2082,0.130841,0.551402,0.317757,8
2103,0.0875,0.625,0.2875,8
2130,0.114754,0.590164,0.295082,8
2138,0.184211,0.5,0.315789,8
2161,0.123077,0.553846,0.323077,8
2196,0.132911,0.582278,0.28481,8
2224,0.131148,0.540984,0.327869,8
2259,0.077922,0.61039,0.311688,8
2344,0.111111,0.577778,0.311111,8
2394,0.154762,0.595238,0.25,8
2440,0.090909,0.606061,0.30303,8
2447,0.117647,0.617647,0.264706,8
2473,0.176471,0.529412,0.294118,8
2484,0.117647,0.588235,0.294118,8
2506,0.071429,0.571429,0.357143,8
2529,0.055556,0.666667,0.277778,8
2532,0.05,0.65,0.3,8
2546,0.138889,0.5,0.361111,8
2548,0.15,0.6,0.25,8
19,0.483871,0.483871,0.032258,9
83,0.423077,0.5,0.076923,9
124,0.395833,0.520833,0.083333,9
153,0.444444,0.444444,0.111111,9
242,0.460526,0.539474,0,9
253,0.416667,0.5,0.083333,9
255,0.470588,0.470588,0.058824,9
302,0.5,0.5,0,9
365,0.526316,0.447368,0.026316,9
460,0.423077,0.461538,0.115385,9
476,0.526316,0.473684,0,9
507,0.421053,0.526316,0.052632,9
549,0.411765,0.529412,0.058824,9
696,0.4375,0.5,0.0625,9
784,0.416667,0.483333,0.1,9
837,0.392857,0.535714,0.071429,9
868,0.444444,0.5,0.055556,9
883,0.463415,0.439024,0.097561,9
903,0.545455,0.454545,0,9
910,0.493506,0.506494,0,9
921,0.413793,0.517241,0.068966,9
932,0.416667,0.5,0.083333,9
934,0.431818,0.454545,0.113636,9
944,0.4,0.52,0.08,9
972,0.421053,0.473684,0.105263,9
976,0.423077,0.461538,0.115385,9
1037,0.402299,0.505747,0.091954,9
1056,0.432432,0.459459,0.108108,9
1093,0.5,0.466667,0.033333,9
1138,0.422222,0.466667,0.111111,9
1152,0.4,0.48,0.12,9
1172,0.4,0.525,0.075,9
1220,0.5,0.416667,0.083333,9
1265,0.4,0.5,0.1,9
1295,0.464286,0.464286,0.071429,9
1324,0.470588,0.470588,0.058824,9
1337,0.421053,0.473684,0.105263,9
1361,0.44,0.54,0.02,9
1392,0.411765,0.529412,0.058824,9
1397,0.444444,0.444444,0.111111,9
1452,0.5,0.466667,0.033333,9
1471,0.45,0.45,0.1,9
1514,0.4,0.5,0.1,9
1516,0.466667,0.5,0.033333,9
1578,0.418605,0.511628,0.069767,9
1584,0.461538,0.5,0.038462,9
1588,0.52381,0.428571,0.047619,9
1602,0.516129,0.451613,0.032258,9
1605,0.489796,0.489796,0.020408,9
1651,0.454545,0.454545,0.090909,9
1715,0.461538,0.461538,0.076923,9
1720,0.533333,0.466667,0,9
1905,0.432432,0.540541,0.027027,9
2000,0.442379,0.460967,0.096654,9
2022,0.545455,0.454545,0,9
2035,0.453947,0.467105,0.078947,9
2060,0.464646,0.525253,0.010101,9
2069,0.45,0.44,0.11,9
2097,0.456376,0.469799,0.073826,9
2119,0.448276,0.551724,0,9
2145,0.487805,0.512195,0,9
2190,0.447619,0.542857,0.009524,9
2195,0.490909,0.436364,0.072727,9
2213,0.428571,0.493506,0.077922,9
2219,0.42,0.54,0.04,9
2255,0.5,0.41,0.09,9
2267,0.506849,0.424658,0.068493,9
2297,0.428571,0.557143,0.014286,9
2303,0.512821,0.410256,0.076923,9
2347,0.518519,0.481481,0,9
2368,0.423077,0.5,0.076923,9
2389,0.395833,0.5,0.104167,9
2398,0.444444,0.555556,0,9
2419,0.46875,0.5,0.03125,9
2432,0.423077,0.5,0.076923,9
2461,0.483871,0.419355,0.096774,9
2476,0.446429,0.464286,0.089286,9
2518,0.4,0.52,0.08,9
2527,0.466667,0.466667,0.066667,9
2543,0.5,0.5,0,9
