35,0.5,0.333333,0.166667,cluster1
47,0.5,0.333333,0.166667,cluster1
73,0.47541,0.360656,0.163934,cluster1
108,0.454545,0.363636,0.181818,cluster1
279,0.5,0.375,0.125,cluster1
360,0.517241,0.327586,0.155172,cluster1
398,0.5,0.378788,0.121212,cluster1
420,0.487179,0.358974,0.153846,cluster1
423,0.526316,0.368421,0.105263,cluster1
566,0.5,0.333333,0.166667,cluster1
575,0.5,0.4,0.1,cluster1
584,0.5,0.321429,0.178571,cluster1
639,0.489796,0.367347,0.142857,cluster1
723,0.461538,0.353846,0.184615,cluster1
799,0.454545,0.363636,0.181818,cluster1
822,0.463415,0.390244,0.146341,cluster1
857,0.5,0.4,0.1,cluster1
946,0.5,0.35,0.15,cluster1
964,0.5,0.3,0.2,cluster1
968,0.5,0.352941,0.147059,cluster1
989,0.45977,0.333333,0.206897,cluster1
1016,0.485714,0.371429,0.142857,cluster1
1105,0.483333,0.316667,0.2,cluster1
1158,0.466667,0.333333,0.2,cluster1
1167,0.5,0.3,0.2,cluster1
1354,0.541667,0.291667,0.166667,cluster1
1381,0.548387,0.290323,0.16129,cluster1
1416,0.5,0.34375,0.15625,cluster1
1442,0.487179,0.307692,0.205128,cluster1
1465,0.52381,0.380952,0.095238,cluster1
1500,0.509804,0.313725,0.176471,cluster1
1539,0.5,0.333333,0.166667,cluster1
1592,0.55,0.3,0.15,cluster1
1633,0.45,0.4,0.15,cluster1
1639,0.444444,0.388889,0.166667,cluster1
1680,0.5,0.375,0.125,cluster1
1690,0.454545,0.363636,0.181818,cluster1
1699,0.555556,0.296296,0.148148,cluster1
1797,0.533333,0.333333,0.133333,cluster1
1799,0.461538,0.384615,0.153846,cluster1
1842,0.466667,0.333333,0.2,cluster1
1855,0.461538,0.384615,0.153846,cluster1
1912,0.517857,0.321429,0.160714,cluster1
1925,0.449664,0.362416,0.187919,cluster1
1928,0.520833,0.302083,0.177083,cluster1
1997,0.52093,0.348837,0.130233,cluster1
2111,0.517241,0.356322,0.126437,cluster1
2180,0.466667,0.333333,0.2,cluster1
2216,0.491525,0.355932,0.152542,cluster1
2262,0.518519,0.37037,0.111111,cluster1
2265,0.492063,0.349206,0.15873,cluster1
2270,0.480769,0.384615,0.134615,cluster1
2277,0.5,0.316667,0.183333,cluster1
2458,0.448276,0.413793,0.137931,cluster1
2485,0.454545,0.363636,0.181818,cluster1
15,0.727273,0.181818,0.090909,cluster10
17,0.833333,0.166667,0,cluster10
76,0.730769,0.192308,0.076923,cluster10
333,0.75,0.25,0,cluster10
334,0.790123,0.197531,0.012346,cluster10
339,0.75,0.25,0,cluster10
376,0.761905,0.238095,0,cluster10
384,0.8,0.2,0,cluster10
514,0.8,0.2,0,cluster10
643,0.782609,0.173913,0.043478,cluster10
776,0.733333,0.222222,0.044444,cluster10
778,0.707317,0.243902,0.04878,cluster10
896,0.78125,0.1875,0.03125,cluster10
1026,0.703704,0.222222,0.074074,cluster10
1203,0.705882,0.294118,0,cluster10
1244,0.714286,0.214286,0.071429,cluster10
1415,0.74359,0.230769,0.025641,cluster10
1456,0.772727,0.181818,0.045455,cluster10
1484,0.772727,0.227273,0,cluster10
1559,0.8,0.2,0,cluster10
1692,0.730769,0.230769,0.038462,cluster10
1836,0.75,0.1875,0.0625,cluster10
2093,0.80303,0.19697,0,cluster10
2203,0.730769,0.205128,0.064103,cluster10
2300,0.816327,0.183673,0,cluster10
2392,0.736842,0.263158,0,cluster10
2396,0.75,0.178571,0.071429,cluster10
2525,0.75,0.25,0,cluster10
2537,0.791667,0.208333,0,cluster10
132,0.25,0.5,0.25,cluster11
148,0.25,0.520833,0.229167,cluster11
166,0.3125,0.4375,0.25,cluster11
289,0.225806,0.483871,0.290323,cluster11
320,0.25,0.5,0.25,cluster11
337,0.25,0.5,0.25,cluster11
389,0.2,0.533333,0.266667,cluster11
438,0.230769,0.480769,0.288462,cluster11
503,0.294118,0.470588,0.235294,cluster11
579,0.285714,0.428571,0.285714,cluster11
592,0.285714,0.428571,0.285714,cluster11
603,0.2,0.485,0.315,cluster11
611,0.257143,0.514286,0.228571,cluster11
612,0.3,0.45,0.25,cluster11
640,0.2,0.525,0.275,cluster11
665,0.283333,0.466667,0.25,cluster11
693,0.25,0.5,0.25,cluster11
706,0.219298,0.5,0.280702,cluster11
771,0.289855,0.492754,0.217391,cluster11
840,0.227273,0.454545,0.318182,cluster11
902,0.294118,0.411765,0.294118,cluster11
977,0.304348,0.478261,0.217391,cluster11
1009,0.2,0.54,0.26,cluster11
1018,0.204545,0.534091,0.261364,cluster11
1040,0.24,0.48,0.28,cluster11
1100,0.275,0.5,0.225,cluster11
1142,0.2,0.514286,0.285714,cluster11
1208,0.208333,0.5,0.291667,cluster11
1209,0.25,0.5,0.25,cluster11
1238,0.315789,0.394737,0.289474,cluster11
1247,0.294118,0.411765,0.294118,cluster11
1300,0.285714,0.428571,0.285714,cluster11
1309,0.210526,0.5,0.289474,cluster11
1322,0.218391,0.471264,0.310345,cluster11
1411,0.275,0.475,0.25,cluster11
1478,0.285714,0.47619,0.238095,cluster11
1540,0.2,0.52,0.28,cluster11
1560,0.294118,0.470588,0.235294,cluster11
1566,0.25,0.4375,0.3125,cluster11
1590,0.264706,0.5,0.235294,cluster11
1666,0.3125,0.4375,0.25,cluster11
1669,0.285714,0.428571,0.285714,cluster11
1695,0.2,0.5,0.3,cluster11
1714,0.3,0.4,0.3,cluster11
1760,0.272727,0.454545,0.272727,cluster11
1775,0.285714,0.428571,0.285714,cluster11
1777,0.21875,0.53125,0.25,cluster11
1794,0.3,0.4,0.3,cluster11
1798,0.214286,0.5,0.285714,cluster11
1821,0.275862,0.482759,0.241379,cluster11
1823,0.222222,0.5,0.277778,cluster11
1860,0.217391,0.521739,0.26087,cluster11
1897,0.272727,0.454545,0.272727,cluster11
1918,0.270833,0.416667,0.3125,cluster11
1971,0.315985,0.460967,0.223048,cluster11
2023,0.220183,0.477064,0.302752,cluster11
2064,0.297619,0.464286,0.238095,cluster11
2084,0.220339,0.474576,0.305085,cluster11
2139,0.195122,0.487805,0.317073,cluster11
2149,0.22807,0.473684,0.298246,cluster11
2201,0.292308,0.446154,0.261538,cluster11
2229,0.25,0.446429,0.303571,cluster11
2333,0.2,0.48,0.32,cluster11
2343,0.238095,0.47619,0.285714,cluster11
2380,0.285714,0.47619,0.238095,cluster11
2407,0.265306,0.428571,0.306122,cluster11
2414,0.313725,0.45098,0.235294,cluster11
2426,0.25,0.46875,0.28125,cluster11
2472,0.212121,0.515152,0.272727,cluster11
2492,0.296296,0.444444,0.259259,cluster11
2512,0.242424,0.515152,0.242424,cluster11
11,0,0.823529,0.176471,cluster12
20,0,0.827586,0.172414,cluster12
90,0,0.837209,0.162791,cluster12
98,0,0.860465,0.139535,cluster12
133,0,0.866667,0.133333,cluster12
136,0,0.846154,0.153846,cluster12
160,0,0.8,0.2,cluster12
183,0,0.857143,0.142857,cluster12
216,0,0.818182,0.181818,cluster12
217,0,0.823529,0.176471,cluster12
225,0,0.833333,0.166667,cluster12
230,0,0.857143,0.142857,cluster12
284,0,0.8,0.2,cluster12
304,0,0.866667,0.133333,cluster12
326,0,0.833333,0.166667,cluster12
330,0,0.833333,0.166667,cluster12
331,0,0.857143,0.142857,cluster12
341,0,0.875,0.125,cluster12
346,0,0.818182,0.181818,cluster12
347,0,0.857143,0.142857,cluster12
350,0,0.805556,0.194444,cluster12
367,0,0.875,0.125,cluster12
371,0,0.846154,0.153846,cluster12
401,0,0.826667,0.173333,cluster12
406,0,0.818182,0.181818,cluster12
413,0,0.826667,0.173333,cluster12
431,0,0.875,0.125,cluster12
434,0,0.8,0.2,cluster12
446,0,0.833333,0.166667,cluster12
472,0,0.8,0.2,cluster12
489,0,0.8,0.2,cluster12
491,0,0.833333,0.166667,cluster12
504,0,0.846154,0.153846,cluster12
527,0,0.833333,0.166667,cluster12
570,0,0.8,0.2,cluster12
680,0,0.837838,0.162162,cluster12
725,0,0.814815,0.185185,cluster12
758,0,0.865169,0.134831,cluster12
798,0,0.825,0.175,cluster12
933,0,0.84,0.16,cluster12
940,0,0.833333,0.166667,cluster12
965,0,0.84,0.16,cluster12
1000,0,0.843243,0.156757,cluster12
1003,0,0.8,0.2,cluster12
1039,0,0.85,0.15,cluster12
1064,0,0.823529,0.176471,cluster12
1066,0,0.866667,0.133333,cluster12
1098,0,0.830189,0.169811,cluster12
1191,0,0.85,0.15,cluster12
1201,0,0.833333,0.166667,cluster12
1205,0,0.866667,0.133333,cluster12
1223,0,0.833333,0.166667,cluster12
1293,0,0.866667,0.133333,cluster12
1298,0,0.846154,0.153846,cluster12
1308,0,0.85,0.15,cluster12
1329,0,0.846154,0.153846,cluster12
1335,0,0.84,0.16,cluster12
1376,0,0.8,0.2,cluster12
1413,0,0.84375,0.15625,cluster12
1426,0,0.806818,0.193182,cluster12
1542,0,0.818182,0.181818,cluster12
1551,0,0.828571,0.171429,cluster12
1577,0,0.857143,0.142857,cluster12
1595,0,0.866667,0.133333,cluster12
1679,0,0.875,0.125,cluster12
1731,0,0.846154,0.153846,cluster12
1734,0,0.833333,0.166667,cluster12
1751,0,0.8,0.2,cluster12
1759,0,0.8,0.2,cluster12
1785,0,0.833333,0.166667,cluster12
1831,0,0.818182,0.181818,cluster12
1878,0,0.818182,0.181818,cluster12
1906,0,0.833333,0.166667,cluster12
1987,0,0.826087,0.173913,cluster12
2052,0,0.825758,0.174242,cluster12
2104,0,0.836364,0.163636,cluster12
2141,0,0.816667,0.183333,cluster12
2187,0,0.838983,0.161017,cluster12
2221,0,0.85,0.15,cluster12
2236,0,0.814815,0.185185,cluster12
2308,0,0.82,0.18,cluster12
2335,0,0.857143,0.142857,cluster12
70,0.233333,0.4,0.366667,cluster13
161,0.230769,0.384615,0.384615,cluster13
184,0.272727,0.363636,0.363636,cluster13
213,0.2,0.4,0.4,cluster13
251,0.222222,0.444444,0.333333,cluster13
328,0.25,0.375,0.375,cluster13
393,0.263158,0.347368,0.389474,cluster13
524,0.25,0.35,0.4,cluster13
605,0.204082,0.408163,0.387755,cluster13
624,0.227273,0.431818,0.340909,cluster13
631,0.153846,0.461538,0.384615,cluster13
659,0.28125,0.34375,0.375,cluster13
678,0.208333,0.4375,0.354167,cluster13
728,0.204545,0.454545,0.340909,cluster13
729,0.183333,0.466667,0.35,cluster13
746,0.266667,0.4,0.333333,cluster13
781,0.204082,0.367347,0.428571,cluster13
808,0.242424,0.424242,0.333333,cluster13
815,0.245614,0.403509,0.350877,cluster13
825,0.2,0.366667,0.433333,cluster13
957,0.1875,0.4375,0.375,cluster13
984,0.226667,0.36,0.413333,cluster13
1033,0.229167,0.395833,0.375,cluster13
1134,0.25,0.4,0.35,cluster13
1149,0.166667,0.466667,0.366667,cluster13
1207,0.2,0.4,0.4,cluster13
1294,0.16,0.44,0.4,cluster13
1311,0.272727,0.4,0.327273,cluster13
1439,0.235294,0.411765,0.352941,cluster13
1494,0.22973,0.364865,0.405405,cluster13
1647,0.2,0.44,0.36,cluster13
1655,0.266667,0.4,0.333333,cluster13
1686,0.185185,0.444444,0.37037,cluster13
1735,0.185185,0.481481,0.333333,cluster13
1742,0.1875,0.4375,0.375,cluster13
1846,0.181818,0.454545,0.363636,cluster13
1886,0.28,0.36,0.36,cluster13
1901,0.176471,0.470588,0.352941,cluster13
1914,0.25,0.375,0.375,cluster13
1924,0.2,0.425,0.375,cluster13
1935,0.25,0.425,0.325,cluster13
1959,0.255605,0.363229,0.381166,cluster13
1979,0.215385,0.407692,0.376923,cluster13
2085,0.21978,0.384615,0.395604,cluster13
2152,0.166667,0.458333,0.375,cluster13
2211,0.185185,0.419753,0.395062,cluster13
2223,0.219178,0.438356,0.342466,cluster13
2235,0.253731,0.373134,0.373134,cluster13
2249,0.230769,0.384615,0.384615,cluster13
2284,0.253012,0.421687,0.325301,cluster13
2302,0.192308,0.423077,0.384615,cluster13
2327,0.225,0.425,0.35,cluster13
2336,0.229508,0.42623,0.344262,cluster13
2340,0.176471,0.470588,0.352941,cluster13
2358,0.2,0.4,0.4,cluster13
2369,0.2,0.45,0.35,cluster13
2445,0.233333,0.433333,0.333333,cluster13
2455,0.25,0.34375,0.40625,cluster13
2531,0.214286,0.428571,0.357143,cluster13
2542,0.241379,0.344828,0.413793,cluster13
2,0,1,0,cluster14
21,0,0.96,0.04,cluster14
25,0,1,0,cluster14
37,0,1,0,cluster14
87,0,0.95082,0.04918,cluster14
111,0,0.964286,0.035714,cluster14
142,0,0.952381,0.047619,cluster14
150,0,0.984375,0.015625,cluster14
200,0,1,0,cluster14
246,0,0.95,0.05,cluster14
252,0,1,0,cluster14
261,0,1,0,cluster14
265,0,1,0,cluster14
293,0,1,0,cluster14
296,0,1,0,cluster14
299,0,1,0,cluster14
311,0,1,0,cluster14
316,0,1,0,cluster14
322,0,1,0,cluster14
329,0,1,0,cluster14
359,0,0.96,0.04,cluster14
362,0,1,0,cluster14
372,0,0.971429,0.028571,cluster14
430,0,0.954545,0.045455,cluster14
449,0,1,0,cluster14
457,0,1,0,cluster14
463,0,1,0,cluster14
480,0,0.962963,0.037037,cluster14
515,0,0.956522,0.043478,cluster14
522,0,0.973333,0.026667,cluster14
544,0,1,0,cluster14
564,0,1,0,cluster14
750,0,0.961538,0.038462,cluster14
859,0,0.966667,0.033333,cluster14
861,0,1,0,cluster14
1095,0,0.949495,0.050505,cluster14
1169,0,0.952381,0.047619,cluster14
1305,0,0.971429,0.028571,cluster14
1404,0,0.944444,0.055556,cluster14
1449,0,0.959184,0.040816,cluster14
1479,0,1,0,cluster14
1510,0,0.962963,0.037037,cluster14
1791,0,0.952381,0.047619,cluster14
1819,0,0.958333,0.041667,cluster14
1830,0,1,0,cluster14
1833,0,0.947368,0.052632,cluster14
1849,0,1,0,cluster14
1853,0,0.96,0.04,cluster14
1930,0,1,0,cluster14
1939,0,1,0,cluster14
1955,0,0.989474,0.010526,cluster14
1967,0,0.988024,0.011976,cluster14
2018,0,0.988166,0.011834,cluster14
2046,0,0.985119,0.014881,cluster14
2076,0,1,0,cluster14
2081,0,1,0,cluster14
2096,0,0.948454,0.051546,cluster14
2101,0,1,0,cluster14
2109,0,1,0,cluster14
2123,0,0.969231,0.030769,cluster14
2188,0,1,0,cluster14
2306,0,0.990291,0.009709,cluster14
2317,0,1,0,cluster14
2354,0,0.967742,0.032258,cluster14
2357,0,1,0,cluster14
2464,0,0.977273,0.022727,cluster14
2502,0,0.96,0.04,cluster14
2521,0,1,0,cluster14
2547,0,0.967742,0.032258,cluster14
46,0,0.181818,0.818182,cluster15
81,0,0.151515,0.848485,cluster15
97,0.033333,0.166667,0.8,cluster15
99,0,0.058824,0.941176,cluster15
103,0.038462,0.192308,0.769231,cluster15
155,0.12,0.08,0.8,cluster15
196,0,0.142857,0.857143,cluster15
215,0,0.166667,0.833333,cluster15
219,0,0.166667,0.833333,cluster15
223,0.090909,0.090909,0.818182,cluster15
226,0,0.095238,0.904762,cluster15
238,0.105263,0.157895,0.736842,cluster15
270,0.1,0.2,0.7,cluster15
272,0,0.2,0.8,cluster15
402,0.125,0.025,0.85,cluster15
424,0,0.166667,0.833333,cluster15
426,0.117647,0.176471,0.705882,cluster15
433,0.0625,0.1875,0.75,cluster15
450,0,0.210526,0.789474,cluster15
452,0,0.115385,0.884615,cluster15
551,0,0.125,0.875,cluster15
580,0,0.142857,0.857143,cluster15
582,0.148936,0.042553,0.808511,cluster15
599,0.083333,0.133333,0.783333,cluster15
634,0.122807,0.175439,0.701754,cluster15
679,0.075,0.15,0.775,cluster15
694,0.078947,0.131579,0.789474,cluster15
779,0,0.2,0.8,cluster15
875,0.131579,0.078947,0.789474,cluster15
884,0.090909,0.204545,0.704545,cluster15
995,0.003984,0.139442,0.856574,cluster15
1058,0.083333,0.166667,0.75,cluster15
1195,0.166667,0.083333,0.75,cluster15
1279,0.125,0.125,0.75,cluster15
1310,0.1,0.2,0.7,cluster15
1345,0.119048,0.095238,0.785714,cluster15
1405,0,0.130435,0.869565,cluster15
1421,0,0.083333,0.916667,cluster15
1431,0.042553,0.170213,0.787234,cluster15
1457,0.157895,0.052632,0.789474,cluster15
1483,0,0.076923,0.923077,cluster15
1618,0,0.2,0.8,cluster15
1765,0.111111,0.022222,0.866667,cluster15
1796,0,0.2,0.8,cluster15
1896,0.0625,0.1875,0.75,cluster15
1921,0.159091,0.136364,0.704545,cluster15
1958,0.1,0.1,0.8,cluster15
2003,0.103093,0.056701,0.840206,cluster15
2251,0.094118,0.141176,0.764706,cluster15
2276,0.137931,0.103448,0.758621,cluster15
2363,0.052632,0.105263,0.842105,cluster15
2450,0,0.117647,0.882353,cluster15
2478,0.142857,0.107143,0.75,cluster15
126,0.333333,0.416667,0.25,cluster16
156,0.382353,0.441176,0.176471,cluster16
191,0.333333,0.416667,0.25,cluster16
199,0.428571,0.428571,0.142857,cluster16
258,0.363636,0.454545,0.181818,cluster16
282,0.375,0.375,0.25,cluster16
291,0.4,0.4,0.2,cluster16
441,0.4,0.4,0.2,cluster16
529,0.428571,0.428571,0.142857,cluster16
571,0.416667,0.416667,0.166667,cluster16
615,0.371795,0.448718,0.179487,cluster16
633,0.395833,0.458333,0.145833,cluster16
667,0.383333,0.366667,0.25,cluster16
668,0.416667,0.433333,0.15,cluster16
670,0.372093,0.395349,0.232558,cluster16
697,0.363636,0.4,0.236364,cluster16
705,0.383333,0.416667,0.2,cluster16
720,0.4,0.44,0.16,cluster16
743,0.390244,0.45122,0.158537,cluster16
748,0.365854,0.414634,0.219512,cluster16
791,0.333333,0.433333,0.233333,cluster16
793,0.355932,0.423729,0.220339,cluster16
801,0.416667,0.416667,0.166667,cluster16
820,0.421053,0.368421,0.210526,cluster16
871,0.416667,0.416667,0.166667,cluster16
873,0.419355,0.387097,0.193548,cluster16
914,0.355556,0.444444,0.2,cluster16
956,0.380952,0.428571,0.190476,cluster16
1004,0.4,0.437037,0.162963,cluster16
1007,0.352941,0.426471,0.220588,cluster16
1045,0.357143,0.392857,0.25,cluster16
1046,0.369565,0.456522,0.173913,cluster16
1063,0.341463,0.439024,0.219512,cluster16
1071,0.380952,0.428571,0.190476,cluster16
1073,0.333333,0.444444,0.222222,cluster16
1080,0.390625,0.40625,0.203125,cluster16
1110,0.348837,0.372093,0.27907,cluster16
1237,0.379747,0.392405,0.227848,cluster16
1261,0.393939,0.454545,0.151515,cluster16
1262,0.380952,0.380952,0.238095,cluster16
1267,0.333333,0.404762,0.261905,cluster16
1334,0.36,0.4,0.24,cluster16
1418,0.4,0.433333,0.166667,cluster16
1530,0.351351,0.405405,0.243243,cluster16
1583,0.388889,0.388889,0.222222,cluster16
1622,0.382353,0.441176,0.176471,cluster16
1635,0.434783,0.391304,0.173913,cluster16
1641,0.375,0.4375,0.1875,cluster16
1706,0.363636,0.363636,0.272727,cluster16
1755,0.333333,0.466667,0.2,cluster16
1790,0.35,0.4,0.25,cluster16
1818,0.416667,0.416667,0.166667,cluster16
1851,0.333333,0.4,0.266667,cluster16
1867,0.4,0.4,0.2,cluster16
1882,0.333333,0.444444,0.222222,cluster16
1885,0.363636,0.409091,0.227273,cluster16
1965,0.4,0.430769,0.169231,cluster16
1976,0.361111,0.440476,0.198413,cluster16
2089,0.402299,0.45977,0.137931,cluster16
2197,0.376923,0.461538,0.161538,cluster16
2296,0.378378,0.459459,0.162162,cluster16
2301,0.408163,0.387755,0.204082,cluster16
2427,0.363636,0.409091,0.227273,cluster16
38,0.166667,0.833333,0,cluster17
65,0.181818,0.772727,0.045455,cluster17
134,0.142857,0.785714,0.071429,cluster17
170,0.189189,0.783784,0.027027,cluster17
336,0.133333,0.8,0.066667,cluster17
343,0.166667,0.833333,0,cluster17
377,0.142857,0.771429,0.085714,cluster17
382,0.166667,0.791667,0.041667,cluster17
388,0.2,0.79,0.01,cluster17
391,0.166667,0.766667,0.066667,cluster17
419,0.179487,0.74359,0.076923,cluster17
429,0.142857,0.785714,0.071429,cluster17
437,0.152542,0.79661,0.050847,cluster17
465,0.2,0.8,0,cluster17
520,0.142857,0.742857,0.114286,cluster17
521,0.137931,0.758621,0.103448,cluster17
587,0.183673,0.816327,0,cluster17
589,0.153846,0.769231,0.076923,cluster17
602,0.161972,0.767606,0.070423,cluster17
677,0.1875,0.7875,0.025,cluster17
712,0.137931,0.824713,0.037356,cluster17
716,0.177215,0.740506,0.082278,cluster17
774,0.15,0.766667,0.083333,cluster17
817,0.175439,0.719298,0.105263,cluster17
867,0.147059,0.735294,0.117647,cluster17
942,0.2,0.7,0.1,cluster17
1005,0.171171,0.792793,0.036036,cluster17
1038,0.137931,0.758621,0.103448,cluster17
1042,0.132353,0.764706,0.102941,cluster17
1044,0.2,0.733333,0.066667,cluster17
1069,0.190476,0.714286,0.095238,cluster17
1078,0.186916,0.71028,0.102804,cluster17
1113,0.144928,0.782609,0.072464,cluster17
1121,0.152542,0.813559,0.033898,cluster17
1168,0.166667,0.766667,0.066667,cluster17
1177,0.146341,0.780488,0.073171,cluster17
1215,0.181818,0.745455,0.072727,cluster17
1264,0.2,0.76,0.04,cluster17
1353,0.173333,0.786667,0.04,cluster17
1369,0.162162,0.783784,0.054054,cluster17
1444,0.152542,0.779661,0.067797,cluster17
1481,0.178571,0.785714,0.035714,cluster17
1501,0.135802,0.814815,0.049383,cluster17
1593,0.15,0.75,0.1,cluster17
1623,0.148936,0.808511,0.042553,cluster17
1630,0.171429,0.771429,0.057143,cluster17
1653,0.173077,0.769231,0.057692,cluster17
1659,0.190476,0.714286,0.095238,cluster17
1662,0.2,0.7,0.1,cluster17
1677,0.2,0.8,0,cluster17
1688,0.2,0.775,0.025,cluster17
1702,0.166667,0.722222,0.111111,cluster17
1707,0.2,0.7,0.1,cluster17
1730,0.181818,0.727273,0.090909,cluster17
1757,0.166667,0.75,0.083333,cluster17
1850,0.166667,0.766667,0.066667,cluster17
1857,0.181818,0.818182,0,cluster17
1859,0.181818,0.818182,0,cluster17
1868,0.166667,0.805556,0.027778,cluster17
1927,0.178947,0.810526,0.010526,cluster17
1952,0.166667,0.75,0.083333,cluster17
2002,0.157233,0.754717,0.08805,cluster17
2057,0.165714,0.788571,0.045714,cluster17
2065,0.215596,0.779817,0.004587,cluster17
2067,0.176923,0.823077,0,cluster17
2068,0.160338,0.767932,0.07173,cluster17
2098,0.207792,0.753247,0.038961,cluster17
2105,0.176471,0.72549,0.098039,cluster17
2110,0.176471,0.722689,0.10084,cluster17
2156,0.170213,0.765957,0.06383,cluster17
2204,0.162602,0.772358,0.065041,cluster17
2215,0.171717,0.717172,0.111111,cluster17
2346,0.15493,0.774648,0.070423,cluster17
2355,0.210526,0.754386,0.035088,cluster17
2423,0.131579,0.763158,0.105263,cluster17
2436,0.152542,0.762712,0.084746,cluster17
2480,0.2,0.733333,0.066667,cluster17
32,0.5,0.25,0.25,cluster18
44,0.5,0.25,0.25,cluster18
61,0.5,0.25,0.25,cluster18
72,0.535714,0.25,0.214286,cluster18
189,0.545455,0.181818,0.272727,cluster18
247,0.5,0.25,0.25,cluster18
396,0.52381,0.257143,0.219048,cluster18
546,0.553571,0.142857,0.303571,cluster18
610,0.491803,0.245902,0.262295,cluster18
651,0.530612,0.244898,0.22449,cluster18
688,0.583333,0.208333,0.208333,cluster18
787,0.609756,0.182927,0.207317,cluster18
803,0.571429,0.142857,0.285714,cluster18
842,0.576923,0.192308,0.230769,cluster18
887,0.571429,0.228571,0.2,cluster18
908,0.548387,0.258065,0.193548,cluster18
982,0.555556,0.15873,0.285714,cluster18
1006,0.54386,0.280702,0.175439,cluster18
1017,0.571429,0.2,0.228571,cluster18
1143,0.555556,0.222222,0.222222,cluster18
1147,0.577778,0.133333,0.288889,cluster18
1157,0.518519,0.259259,0.222222,cluster18
1377,0.608696,0.173913,0.217391,cluster18
1389,0.52381,0.190476,0.285714,cluster18
1395,0.517241,0.241379,0.241379,cluster18
1407,0.545455,0.227273,0.227273,cluster18
1485,0.55,0.25,0.2,cluster18
1517,0.583333,0.166667,0.25,cluster18
1529,0.516129,0.193548,0.290323,cluster18
1534,0.583333,0.166667,0.25,cluster18
1604,0.608696,0.173913,0.217391,cluster18
1678,0.538462,0.153846,0.307692,cluster18
1711,0.5,0.25,0.25,cluster18
1774,0.555556,0.222222,0.222222,cluster18
1778,0.6,0.2,0.2,cluster18
1804,0.5,0.208333,0.291667,cluster18
1843,0.588235,0.235294,0.176471,cluster18
1936,0.536082,0.14433,0.319588,cluster18
2021,0.548077,0.269231,0.182692,cluster18
2108,0.56,0.22,0.22,cluster18
2125,0.533333,0.233333,0.233333,cluster18
2151,0.588235,0.159664,0.252101,cluster18
2234,0.555556,0.148148,0.296296,cluster18
2298,0.52,0.26,0.22,cluster18
2372,0.529412,0.176471,0.294118,cluster18
2382,0.605263,0.210526,0.184211,cluster18
2384,0.507246,0.217391,0.275362,cluster18
2386,0.515152,0.212121,0.272727,cluster18
2499,0.526316,0.157895,0.315789,cluster18
2520,0.555556,0.222222,0.222222,cluster18
104,0.214286,0.071429,0.714286,cluster19
152,0.222222,0.055556,0.722222,cluster19
165,0.25,0.125,0.625,cluster19
314,0.25,0.125,0.625,cluster19
353,0.192308,0.096154,0.711538,cluster19
404,0.25,0.016667,0.733333,cluster19
556,0.222222,0.111111,0.666667,cluster19
563,0.25,0.125,0.625,cluster19
628,0.222222,0.044444,0.733333,cluster19
686,0.230769,0.038462,0.730769,cluster19
689,0.23913,0.065217,0.695652,cluster19
890,0.344828,0.034483,0.62069,cluster19
938,0.333333,0.033333,0.633333,cluster19
999,0.240506,0.088608,0.670886,cluster19
1011,0.2,0.12381,0.67619,cluster19
1047,0.315789,0.017544,0.666667,cluster19
1106,0.285714,0.057143,0.657143,cluster19
1155,0.338983,0.016949,0.644068,cluster19
1185,0.285714,0.071429,0.642857,cluster19
1218,0.263158,0.026316,0.710526,cluster19
1283,0.25,0.083333,0.666667,cluster19
1333,0.214286,0.071429,0.714286,cluster19
1371,0.185185,0.111111,0.703704,cluster19
1410,0.243243,0.081081,0.675676,cluster19
1455,0.190476,0.095238,0.714286,cluster19
1552,0.32,0.08,0.6,cluster19
1795,0.222222,0.055556,0.722222,cluster19
1889,0.266667,0.133333,0.6,cluster19
1947,0.285714,0.028571,0.685714,cluster19
1977,0.363636,0.009091,0.627273,cluster19
1998,0.25,0.107143,0.642857,cluster19
2019,0.360465,0.011628,0.627907,cluster19
2147,0.333333,0.016667,0.65,cluster19
2189,0.253333,0.12,0.626667,cluster19
2208,0.228571,0.114286,0.657143,cluster19
2222,0.268657,0.059701,0.671642,cluster19
2226,0.315217,0.054348,0.630435,cluster19
2237,0.285714,0.119048,0.595238,cluster19
2253,0.285714,0.053571,0.660714,cluster19
2258,0.265957,0.053191,0.680851,cluster19
2271,0.3,0.02,0.68,cluster19
2299,0.326531,0.040816,0.632653,cluster19
2334,0.266667,0.066667,0.666667,cluster19
2416,0.179487,0.128205,0.692308,cluster19
2433,0.25641,0.076923,0.666667,cluster19
2444,0.227273,0.090909,0.681818,cluster19
59,0.285714,0.142857,0.571429,cluster2
101,0.344828,0.068966,0.586207,cluster2
145,0.428571,0.142857,0.428571,cluster2
381,0.416667,0.041667,0.541667,cluster2
400,0.285714,0.171429,0.542857,cluster2
427,0.333333,0.133333,0.533333,cluster2
488,0.366667,0.2,0.433333,cluster2
598,0.289855,0.144928,0.565217,cluster2
616,0.384615,0.076923,0.538462,cluster2
618,0.372093,0.162791,0.465116,cluster2
744,0.423729,0.050847,0.525424,cluster2
783,0.333333,0.166667,0.5,cluster2
796,0.384615,0.184615,0.430769,cluster2
839,0.444444,0.055556,0.5,cluster2
897,0.411765,0.117647,0.470588,cluster2
918,0.4,0.04,0.56,cluster2
920,0.41791,0.119403,0.462687,cluster2
1053,0.416667,0.138889,0.444444,cluster2
1075,0.413793,0.068966,0.517241,cluster2
1079,0.4,0.12,0.48,cluster2
1122,0.36,0.1,0.54,cluster2
1132,0.454545,0.090909,0.454545,cluster2
1139,0.347826,0.173913,0.478261,cluster2
1161,0.3125,0.15625,0.53125,cluster2
1239,0.36,0.16,0.48,cluster2
1253,0.44,0.08,0.48,cluster2
1292,0.416667,0.083333,0.5,cluster2
1360,0.375,0.1875,0.4375,cluster2
1447,0.475,0.025,0.5,cluster2
1469,0.428571,0.047619,0.52381,cluster2
1473,0.333333,0.133333,0.533333,cluster2
1491,0.407407,0.111111,0.481481,cluster2
1570,0.394737,0.157895,0.447368,cluster2
1582,0.4,0.066667,0.533333,cluster2
1594,0.315789,0.105263,0.578947,cluster2
1616,0.35,0.15,0.5,cluster2
1625,0.324324,0.135135,0.540541,cluster2
1631,0.307692,0.153846,0.538462,cluster2
1674,0.384615,0.076923,0.538462,cluster2
1708,0.357143,0.142857,0.5,cluster2
1732,0.285714,0.214286,0.5,cluster2
1800,0.428571,0.071429,0.5,cluster2
1812,0.272727,0.181818,0.545455,cluster2
1840,0.4,0.1,0.5,cluster2
1865,0.375,0.1875,0.4375,cluster2
1888,0.35,0.15,0.5,cluster2
1902,0.3,0.2,0.5,cluster2
1913,0.357143,0.214286,0.428571,cluster2
1949,0.312102,0.159236,0.528662,cluster2
1956,0.298507,0.164179,0.537313,cluster2
1994,0.35,0.1,0.55,cluster2
2058,0.321839,0.114943,0.563218,cluster2
2063,0.291667,0.15,0.558333,cluster2
2090,0.436364,0.109091,0.454545,cluster2
2091,0.269841,0.15873,0.571429,cluster2
2114,0.294872,0.128205,0.576923,cluster2
2169,0.404762,0.095238,0.5,cluster2
2183,0.390244,0.012195,0.597561,cluster2
2210,0.333333,0.183333,0.483333,cluster2
2218,0.280488,0.158537,0.560976,cluster2
2256,0.40404,0.141414,0.454545,cluster2
2288,0.377358,0.188679,0.433962,cluster2
2312,0.306452,0.193548,0.5,cluster2
2364,0.452381,0.095238,0.452381,cluster2
2409,0.382353,0.176471,0.441176,cluster2
2457,0.416667,0.083333,0.5,cluster2
2471,0.304348,0.217391,0.478261,cluster2
92,0.3125,0.3125,0.375,cluster20
175,0.382353,0.323529,0.294118,cluster20
317,0.375,0.3125,0.3125,cluster20
325,0.333333,0.333333,0.333333,cluster20
356,0.357143,0.357143,0.285714,cluster20
364,0.333333,0.333333,0.333333,cluster20
385,0.333333,0.258333,0.408333,cluster20
471,0.333333,0.238095,0.428571,cluster20
512,0.375,0.3125,0.3125,cluster20
550,0.333333,0.266667,0.4,cluster20
590,0.368421,0.315789,0.315789,cluster20
621,0.333333,0.333333,0.333333,cluster20
642,0.375,0.25,0.375,cluster20
661,0.352941,0.235294,0.411765,cluster20
757,0.296296,0.345679,0.358025,cluster20
973,0.340909,0.295455,0.363636,cluster20
992,0.357367,0.357367,0.285266,cluster20
1059,0.361111,0.333333,0.305556,cluster20
1067,0.38,0.32,0.3,cluster20
1120,0.310345,0.310345,0.37931,cluster20
1130,0.363636,0.272727,0.363636,cluster20
1133,0.4,0.28,0.32,cluster20
1229,0.361111,0.361111,0.277778,cluster20
1235,0.371429,0.285714,0.342857,cluster20
1242,0.354839,0.322581,0.322581,cluster20
1325,0.333333,0.333333,0.333333,cluster20
1343,0.36,0.28,0.36,cluster20
1482,0.368421,0.263158,0.368421,cluster20
1563,0.333333,0.333333,0.333333,cluster20
1685,0.35,0.3,0.35,cluster20
1741,0.307692,0.307692,0.384615,cluster20
1752,0.333333,0.266667,0.4,cluster20
1780,0.375,0.25,0.375,cluster20
1789,0.357143,0.285714,0.357143,cluster20
1974,0.379085,0.261438,0.359477,cluster20
2014,0.338843,0.264463,0.396694,cluster20
2015,0.330189,0.325472,0.34434,cluster20
2045,0.375,0.25,0.375,cluster20
2053,0.304,0.336,0.36,cluster20
2102,0.315789,0.315789,0.368421,cluster20
2118,0.383333,0.266667,0.35,cluster20
2160,0.357143,0.309524,0.333333,cluster20
2174,0.388889,0.277778,0.333333,cluster20
2179,0.325581,0.27907,0.395349,cluster20
2186,0.338983,0.305085,0.355932,cluster20
2198,0.292035,0.353982,0.353982,cluster20
2209,0.363636,0.295455,0.340909,cluster20
2225,0.340909,0.329545,0.329545,cluster20
2244,0.384615,0.269231,0.346154,cluster20
2383,0.325,0.35,0.325,cluster20
2391,0.346939,0.285714,0.367347,cluster20
2418,0.381579,0.289474,0.328947,cluster20
2459,0.307692,0.307692,0.384615,cluster20
2511,0.380952,0.285714,0.333333,cluster20
2517,0.3125,0.3125,0.375,cluster20
2528,0.347826,0.26087,0.391304,cluster20
2533,0.3,0.3,0.4,cluster20
13,0.611111,0.222222,0.166667,cluster21
41,0.615385,0.230769,0.153846,cluster21
67,0.608696,0.26087,0.130435,cluster21
273,0.666667,0.222222,0.111111,cluster21
277,0.636364,0.272727,0.090909,cluster21
290,0.7,0.2,0.1,cluster21
308,0.625,0.25,0.125,cluster21
363,0.657895,0.210526,0.131579,cluster21
511,0.666667,0.25,0.083333,cluster21
519,0.571429,0.285714,0.142857,cluster21
553,0.625,0.25,0.125,cluster21
581,0.68,0.2,0.12,cluster21
700,0.567568,0.27027,0.162162,cluster21
740,0.671875,0.242188,0.085938,cluster21
777,0.62963,0.222222,0.148148,cluster21
838,0.681818,0.227273,0.090909,cluster21
907,0.666667,0.233333,0.1,cluster21
924,0.647059,0.264706,0.088235,cluster21
935,0.583333,0.277778,0.138889,cluster21
983,0.692308,0.230769,0.076923,cluster21
1117,0.636364,0.272727,0.090909,cluster21
1125,0.625,0.25,0.125,cluster21
1224,0.625,0.25,0.125,cluster21
1230,0.612245,0.285714,0.102041,cluster21
1492,0.595745,0.276596,0.12766,cluster21
1499,0.612903,0.225806,0.16129,cluster21
1503,0.674419,0.255814,0.069767,cluster21
1562,0.625,0.275,0.1,cluster21
1665,0.571429,0.285714,0.142857,cluster21
1984,0.7,0.2,0.1,cluster21
1989,0.696629,0.235955,0.067416,cluster21
1999,0.583333,0.246528,0.170139,cluster21
2013,0.637681,0.231884,0.130435,cluster21
2238,0.652174,0.246377,0.101449,cluster21
2320,0.6875,0.239583,0.072917,cluster21
2350,0.636364,0.272727,0.090909,cluster21
2375,0.628571,0.285714,0.085714,cluster21
2377,0.672727,0.272727,0.054545,cluster21
30,0.4,0.6,0,cluster22
51,0.333333,0.666667,0,cluster22
80,0.396226,0.566038,0.037736,cluster22
141,0.347826,0.608696,0.043478,cluster22
220,0.315789,0.631579,0.052632,cluster22
286,0.333333,0.666667,0,cluster22
300,0.333333,0.666667,0,cluster22
344,0.333333,0.666667,0,cluster22
462,0.4,0.6,0,cluster22
467,0.428571,0.571429,0,cluster22
473,0.428571,0.571429,0,cluster22
486,0.340278,0.590278,0.069444,cluster22
490,0.375,0.625,0,cluster22
541,0.357143,0.642857,0,cluster22
573,0.333333,0.6,0.066667,cluster22
727,0.371069,0.578616,0.050314,cluster22
878,0.367647,0.558824,0.073529,cluster22
901,0.32,0.64,0.04,cluster22
929,0.333333,0.666667,0,cluster22
931,0.4,0.56,0.04,cluster22
1024,0.387755,0.571429,0.040816,cluster22
1062,0.366667,0.6,0.033333,cluster22
1099,0.362745,0.598039,0.039216,cluster22
1145,0.326923,0.634615,0.038462,cluster22
1221,0.333333,0.619048,0.047619,cluster22
1270,0.321429,0.607143,0.071429,cluster22
1326,0.32,0.63,0.05,cluster22
1341,0.352941,0.588235,0.058824,cluster22
1394,0.323077,0.630769,0.046154,cluster22
1408,0.347826,0.608696,0.043478,cluster22
1511,0.391304,0.565217,0.043478,cluster22
1565,0.388889,0.611111,0,cluster22
1643,0.321429,0.642857,0.035714,cluster22
1689,0.34,0.6,0.06,cluster22
1701,0.333333,0.592593,0.074074,cluster22
1705,0.333333,0.6,0.066667,cluster22
1748,0.333333,0.6,0.066667,cluster22
1786,0.4,0.6,0,cluster22
1803,0.344828,0.586207,0.068966,cluster22
1929,0.385714,0.571429,0.042857,cluster22
1932,0.428571,0.571429,0,cluster22
1933,0.340206,0.628866,0.030928,cluster22
1938,0.371069,0.628931,0,cluster22
1960,0.371795,0.581197,0.047009,cluster22
2010,0.391892,0.554054,0.054054,cluster22
2077,0.323529,0.637255,0.039216,cluster22
2164,0.393258,0.550562,0.05618,cluster22
2199,0.421875,0.5625,0.015625,cluster22
2241,0.421875,0.5625,0.015625,cluster22
2263,0.378378,0.567568,0.054054,cluster22
2342,0.344828,0.586207,0.068966,cluster22
2388,0.36,0.62,0.02,cluster22
2491,0.36,0.6,0.04,cluster22
2500,0.368421,0.578947,0.052632,cluster22
2522,0.318182,0.681818,0,cluster22
102,0.576923,0.115385,0.307692,cluster23
158,0.615385,0.076923,0.307692,cluster23
180,0.6,0.1,0.3,cluster23
227,0.648649,0.108108,0.243243,cluster23
239,0.625,0.125,0.25,cluster23
374,0.619048,0.095238,0.285714,cluster23
451,0.722222,0.055556,0.222222,cluster23
485,0.631579,0.063158,0.305263,cluster23
523,0.666667,0.066667,0.266667,cluster23
594,0.666667,0.055556,0.277778,cluster23
600,0.634146,0.097561,0.268293,cluster23
676,0.632653,0.020408,0.346939,cluster23
752,0.648148,0.037037,0.314815,cluster23
762,0.693548,0.048387,0.258065,cluster23
794,0.642857,0.057143,0.3,cluster23
805,0.612245,0.061224,0.326531,cluster23
823,0.625,0.104167,0.270833,cluster23
889,0.7,0.025,0.275,cluster23
1030,0.75,0.025,0.225,cluster23
1065,0.633333,0.033333,0.333333,cluster23
1097,0.666667,0.1,0.233333,cluster23
1124,0.6,0.114286,0.285714,cluster23
1127,0.731707,0.04878,0.219512,cluster23
1141,0.681818,0.045455,0.272727,cluster23
1148,0.725,0.025,0.25,cluster23
1178,0.714286,0.028571,0.257143,cluster23
1180,0.625,0.075,0.3,cluster23
1186,0.6,0.12,0.28,cluster23
1194,0.625,0.0625,0.3125,cluster23
1316,0.6,0.1,0.3,cluster23
1402,0.625,0.025,0.35,cluster23
1451,0.625,0.083333,0.291667,cluster23
1488,0.62963,0.037037,0.333333,cluster23
1521,0.689655,0.034483,0.275862,cluster23
1646,0.727273,0.030303,0.242424,cluster23
1907,0.585366,0.121951,0.292683,cluster23
1954,0.737288,0.008475,0.254237,cluster23
1969,0.666667,0.013333,0.32,cluster23
2080,0.666667,0.040404,0.292929,cluster23
2126,0.729167,0.020833,0.25,cluster23
2142,0.583333,0.125,0.291667,cluster23
2162,0.671875,0.09375,0.234375,cluster23
2163,0.616438,0.136986,0.246575,cluster23
2185,0.711538,0.038462,0.25,cluster23
2192,0.648148,0.074074,0.277778,cluster23
2206,0.637931,0.103448,0.258621,cluster23
2217,0.666667,0.047619,0.285714,cluster23
2324,0.671233,0.041096,0.287671,cluster23
2341,0.689655,0.034483,0.275862,cluster23
2378,0.657895,0.105263,0.236842,cluster23
2462,0.72,0.04,0.24,cluster23
2489,0.634146,0.121951,0.243902,cluster23
2538,0.666667,0.083333,0.25,cluster23
69,0.083333,0.833333,0.083333,cluster24
168,0.03125,0.84375,0.125,cluster24
190,0.111111,0.777778,0.111111,cluster24
233,0.1,0.8,0.1,cluster24
271,0.071429,0.785714,0.142857,cluster24
276,0.071429,0.857143,0.071429,cluster24
281,0.111111,0.777778,0.111111,cluster24
295,0.111111,0.777778,0.111111,cluster24
487,0.083333,0.833333,0.083333,cluster24
497,0.066667,0.8,0.133333,cluster24
532,0.114286,0.8,0.085714,cluster24
596,0.090909,0.772727,0.136364,cluster24
635,0.111111,0.777778,0.111111,cluster24
648,0.097826,0.782609,0.119565,cluster24
666,0.038462,0.861538,0.1,cluster24
690,0.050279,0.787709,0.162011,cluster24
701,0.109091,0.763636,0.127273,cluster24
703,0.032258,0.822581,0.145161,cluster24
731,0.044,0.848,0.108,cluster24
732,0.083333,0.844444,0.072222,cluster24
738,0.12605,0.806723,0.067227,cluster24
742,0.116279,0.790698,0.093023,cluster24
759,0.078431,0.784314,0.137255,cluster24
792,0.074074,0.759259,0.166667,cluster24
809,0.064103,0.794872,0.141026,cluster24
824,0.067797,0.779661,0.152542,cluster24
847,0.119048,0.761905,0.119048,cluster24
858,0.038462,0.865385,0.096154,cluster24
865,0.116279,0.790698,0.093023,cluster24
930,0.083333,0.777778,0.138889,cluster24
949,0.117647,0.823529,0.058824,cluster24
955,0.068966,0.793103,0.137931,cluster24
961,0.035714,0.821429,0.142857,cluster24
980,0.0625,0.8125,0.125,cluster24
997,0.080808,0.848485,0.070707,cluster24
1057,0.116667,0.783333,0.1,cluster24
1074,0.092308,0.815385,0.092308,cluster24
1077,0.035714,0.821429,0.142857,cluster24
1126,0.102941,0.794118,0.102941,cluster24
1135,0.090909,0.787879,0.121212,cluster24
1162,0.016129,0.83871,0.145161,cluster24
1181,0.090909,0.840909,0.068182,cluster24
1187,0.078947,0.763158,0.157895,cluster24
1198,0.044444,0.866667,0.088889,cluster24
1255,0.107143,0.821429,0.071429,cluster24
1268,0.047619,0.857143,0.095238,cluster24
1317,0.03125,0.84375,0.125,cluster24
1340,0.027027,0.810811,0.162162,cluster24
1357,0.038462,0.807692,0.153846,cluster24
1359,0.1,0.8,0.1,cluster24
1367,0.119048,0.761905,0.119048,cluster24
1385,0.034483,0.862069,0.103448,cluster24
1425,0.115385,0.807692,0.076923,cluster24
1432,0.105263,0.815789,0.078947,cluster24
1443,0.096774,0.806452,0.096774,cluster24
1487,0.1,0.8,0.1,cluster24
1519,0.08,0.84,0.08,cluster24
1537,0.1,0.8,0.1,cluster24
1544,0.066667,0.833333,0.1,cluster24
1550,0.069767,0.813953,0.116279,cluster24
1569,0.083333,0.833333,0.083333,cluster24
1580,0.117647,0.823529,0.058824,cluster24
1597,0.108696,0.826087,0.065217,cluster24
1599,0.043478,0.826087,0.130435,cluster24
1621,0.076923,0.846154,0.076923,cluster24
1626,0.1,0.8,0.1,cluster24
1632,0.130435,0.782609,0.086957,cluster24
1642,0.074074,0.814815,0.111111,cluster24
1693,0.047619,0.809524,0.142857,cluster24
1697,0.013699,0.835616,0.150685,cluster24
1710,0.117647,0.823529,0.058824,cluster24
1712,0.071429,0.857143,0.071429,cluster24
1737,0.052632,0.789474,0.157895,cluster24
1761,0.103448,0.827586,0.068966,cluster24
1810,0.047619,0.857143,0.095238,cluster24
1813,0.076923,0.769231,0.153846,cluster24
1839,0.090909,0.818182,0.090909,cluster24
1848,0.090909,0.818182,0.090909,cluster24
1863,0.047619,0.857143,0.095238,cluster24
1887,0.086957,0.782609,0.130435,cluster24
1922,0.088889,0.777778,0.133333,cluster24
1934,0.032609,0.847826,0.119565,cluster24
1961,0.065217,0.826087,0.108696,cluster24
2005,0.060606,0.787879,0.151515,cluster24
2029,0.088235,0.794118,0.117647,cluster24
2040,0.069231,0.85,0.080769,cluster24
2079,0.085308,0.838863,0.075829,cluster24
2177,0.121951,0.780488,0.097561,cluster24
2178,0.094595,0.810811,0.094595,cluster24
2205,0.042553,0.797872,0.159574,cluster24
2252,0.027273,0.827273,0.145455,cluster24
2293,0.029412,0.838235,0.132353,cluster24
2295,0.1,0.82,0.08,cluster24
2321,0.041096,0.849315,0.109589,cluster24
2325,0.042553,0.808511,0.148936,cluster24
2403,0.067797,0.847458,0.084746,cluster24
2430,0.038462,0.807692,0.153846,cluster24
2451,0.095238,0.809524,0.095238,cluster24
2460,0.125,0.821429,0.053571,cluster24
2486,0.117647,0.823529,0.058824,cluster24
2498,0.057143,0.828571,0.114286,cluster24
2501,0.076923,0.769231,0.153846,cluster24
2507,0.115385,0.807692,0.076923,cluster24
2539,0.093023,0.790698,0.116279,cluster24
68,0.257576,0.621212,0.121212,cluster25
100,0.27451,0.666667,0.058824,cluster25
137,0.26087,0.608696,0.130435,cluster25
182,0.25,0.625,0.125,cluster25
248,0.266667,0.666667,0.066667,cluster25
309,0.25,0.625,0.125,cluster25
368,0.265306,0.591837,0.142857,cluster25
445,0.277778,0.583333,0.138889,cluster25
537,0.25,0.6,0.15,cluster25
543,0.263158,0.631579,0.105263,cluster25
591,0.25,0.666667,0.083333,cluster25
619,0.271186,0.59322,0.135593,cluster25
625,0.244444,0.622222,0.133333,cluster25
632,0.272727,0.636364,0.090909,cluster25
710,0.24375,0.65,0.10625,cluster25
737,0.243902,0.670732,0.085366,cluster25
788,0.22807,0.666667,0.105263,cluster25
810,0.304348,0.623188,0.072464,cluster25
830,0.277778,0.648148,0.074074,cluster25
832,0.255814,0.651163,0.093023,cluster25
850,0.230769,0.615385,0.153846,cluster25
886,0.285714,0.6,0.114286,cluster25
892,0.243902,0.609756,0.146341,cluster25
945,0.228571,0.657143,0.114286,cluster25
948,0.275862,0.655172,0.068966,cluster25
958,0.277778,0.666667,0.055556,cluster25
990,0.23301,0.621359,0.145631,cluster25
1028,0.25,0.65,0.1,cluster25
1109,0.293103,0.62069,0.086207,cluster25
1111,0.25,0.65625,0.09375,cluster25
1123,0.212766,0.680851,0.106383,cluster25
1146,0.263158,0.631579,0.105263,cluster25
1151,0.290323,0.645161,0.064516,cluster25
1154,0.25,0.675,0.075,cluster25
1160,0.291667,0.583333,0.125,cluster25
1196,0.26087,0.608696,0.130435,cluster25
1231,0.25,0.625,0.125,cluster25
1246,0.3,0.633333,0.066667,cluster25
1260,0.268293,0.585366,0.146341,cluster25
1304,0.285714,0.6,0.114286,cluster25
1315,0.264706,0.647059,0.088235,cluster25
1338,0.266667,0.6,0.133333,cluster25
1380,0.296296,0.62963,0.074074,cluster25
1430,0.230769,0.641026,0.128205,cluster25
1467,0.288462,0.653846,0.057692,cluster25
1472,0.238095,0.619048,0.142857,cluster25
1489,0.307692,0.615385,0.076923,cluster25
1497,0.280702,0.596491,0.122807,cluster25
1512,0.272727,0.636364,0.090909,cluster25
1515,0.230769,0.641026,0.128205,cluster25
1561,0.227273,0.681818,0.090909,cluster25
1576,0.277778,0.666667,0.055556,cluster25
1581,0.24,0.64,0.12,cluster25
1607,0.288462,0.615385,0.096154,cluster25
1733,0.3,0.6,0.1,cluster25
1739,0.285714,0.642857,0.071429,cluster25
1834,0.25,0.666667,0.083333,cluster25
1917,0.282051,0.615385,0.102564,cluster25
1990,0.208333,0.658333,0.133333,cluster25
2006,0.216867,0.63253,0.150602,cluster25
2043,0.278607,0.651741,0.069652,cluster25
2094,0.27619,0.666667,0.057143,cluster25
2116,0.25,0.625,0.125,cluster25
2153,0.27673,0.622642,0.100629,cluster25
2168,0.275862,0.643678,0.08046,cluster25
2254,0.292308,0.646154,0.061538,cluster25
2314,0.237288,0.627119,0.135593,cluster25
2337,0.258065,0.645161,0.096774,cluster25
2353,0.291667,0.583333,0.125,cluster25
2477,0.225,0.65,0.125,cluster25
2495,0.26087,0.652174,0.086957,cluster25
2505,0.25,0.625,0.125,cluster25
2513,0.25,0.6,0.15,cluster25
2524,0.28,0.64,0.08,cluster25
2526,0.285714,0.619048,0.095238,cluster25
28,0.333333,0.5,0.166667,cluster26
54,0.333333,0.5,0.166667,cluster26
162,0.357143,0.5,0.142857,cluster26
167,0.333333,0.555556,0.111111,cluster26
249,0.3,0.5,0.2,cluster26
250,0.333333,0.5,0.166667,cluster26
283,0.333333,0.5,0.166667,cluster26
305,0.333333,0.5,0.166667,cluster26
358,0.342857,0.514286,0.142857,cluster26
415,0.333333,0.5,0.166667,cluster26
477,0.333333,0.5,0.166667,cluster26
492,0.375,0.5,0.125,cluster26
494,0.321429,0.5,0.178571,cluster26
509,0.333333,0.533333,0.133333,cluster26
555,0.333333,0.5,0.166667,cluster26
604,0.369565,0.5,0.130435,cluster26
606,0.368421,0.5,0.131579,cluster26
609,0.363636,0.545455,0.090909,cluster26
636,0.387755,0.469388,0.142857,cluster26
644,0.292308,0.538462,0.169231,cluster26
691,0.361111,0.555556,0.083333,cluster26
704,0.307692,0.5,0.192308,cluster26
707,0.310345,0.482759,0.206897,cluster26
722,0.336735,0.479592,0.183673,cluster26
769,0.383562,0.520548,0.09589,cluster26
848,0.3,0.52,0.18,cluster26
876,0.322034,0.542373,0.135593,cluster26
915,0.382353,0.5,0.117647,cluster26
925,0.380952,0.5,0.119048,cluster26
936,0.32,0.56,0.12,cluster26
963,0.357143,0.535714,0.107143,cluster26
966,0.344828,0.551724,0.103448,cluster26
967,0.386364,0.522727,0.090909,cluster26
996,0.35461,0.51773,0.12766,cluster26
1002,0.28169,0.56338,0.15493,cluster26
1010,0.296296,0.574074,0.12963,cluster26
1035,0.358025,0.506173,0.135802,cluster26
1036,0.324324,0.513514,0.162162,cluster26
1052,0.281553,0.563107,0.15534,cluster26
1112,0.295455,0.545455,0.159091,cluster26
1128,0.305085,0.508475,0.186441,cluster26
1150,0.347826,0.565217,0.086957,cluster26
1171,0.324324,0.540541,0.135135,cluster26
1174,0.346154,0.480769,0.173077,cluster26
1175,0.347826,0.521739,0.130435,cluster26
1199,0.366667,0.533333,0.1,cluster26
1216,0.366667,0.5,0.133333,cluster26
1222,0.305556,0.5,0.194444,cluster26
1249,0.333333,0.566667,0.1,cluster26
1250,0.32,0.48,0.2,cluster26
1254,0.305556,0.5,0.194444,cluster26
1258,0.333333,0.5,0.166667,cluster26
1259,0.307692,0.576923,0.115385,cluster26
1272,0.297297,0.567568,0.135135,cluster26
1277,0.375,0.520833,0.104167,cluster26
1280,0.392857,0.5,0.107143,cluster26
1299,0.354839,0.548387,0.096774,cluster26
1306,0.347826,0.543478,0.108696,cluster26
1429,0.340909,0.477273,0.181818,cluster26
1448,0.3,0.575,0.125,cluster26
1460,0.35,0.5,0.15,cluster26
1535,0.307692,0.538462,0.153846,cluster26
1545,0.333333,0.47619,0.190476,cluster26
1603,0.378378,0.513514,0.108108,cluster26
1609,0.354167,0.541667,0.104167,cluster26
1612,0.340909,0.568182,0.090909,cluster26
1629,0.333333,0.566667,0.1,cluster26
1637,0.333333,0.555556,0.111111,cluster26
1644,0.352941,0.470588,0.176471,cluster26
1657,0.375,0.5,0.125,cluster26
1717,0.363636,0.545455,0.090909,cluster26
1721,0.307692,0.538462,0.153846,cluster26
1782,0.304348,0.565217,0.130435,cluster26
1807,0.315789,0.526316,0.157895,cluster26
1861,0.3,0.55,0.15,cluster26
1866,0.375,0.5,0.125,cluster26
1876,0.3,0.5,0.2,cluster26
1916,0.368421,0.526316,0.105263,cluster26
2061,0.336879,0.524823,0.138298,cluster26
2083,0.363636,0.515152,0.121212,cluster26
2127,0.333333,0.553191,0.113475,cluster26
2154,0.333333,0.521368,0.145299,cluster26
2227,0.345238,0.535714,0.119048,cluster26
2232,0.362069,0.517241,0.12069,cluster26
2240,0.375,0.4875,0.1375,cluster26
2261,0.31746,0.507937,0.174603,cluster26
2323,0.357143,0.485714,0.157143,cluster26
2352,0.34,0.5,0.16,cluster26
2370,0.363636,0.5,0.136364,cluster26
2399,0.3,0.566667,0.133333,cluster26
2400,0.296296,0.555556,0.148148,cluster26
2421,0.378788,0.530303,0.090909,cluster26
26,0.2,0.633333,0.166667,cluster27
52,0.142857,0.642857,0.214286,cluster27
82,0.095238,0.714286,0.190476,cluster27
125,0.181818,0.636364,0.181818,cluster27
130,0.142857,0.714286,0.142857,cluster27
135,0.142857,0.714286,0.142857,cluster27
185,0.133333,0.733333,0.133333,cluster27
214,0.076923,0.692308,0.230769,cluster27
232,0.1,0.7,0.2,cluster27
243,0.095238,0.666667,0.238095,cluster27
332,0.1,0.7,0.2,cluster27
351,0.202899,0.652174,0.144928,cluster27
357,0.090909,0.727273,0.181818,cluster27
369,0.193548,0.677419,0.129032,cluster27
383,0.111111,0.740741,0.148148,cluster27
454,0.088889,0.711111,0.2,cluster27
459,0.186047,0.697674,0.116279,cluster27
461,0.069767,0.697674,0.232558,cluster27
533,0.142857,0.714286,0.142857,cluster27
552,0.166667,0.666667,0.166667,cluster27
565,0.083333,0.75,0.166667,cluster27
583,0.151515,0.727273,0.121212,cluster27
597,0.096386,0.710843,0.192771,cluster27
614,0.19403,0.641791,0.164179,cluster27
620,0.0625,0.7125,0.225,cluster27
630,0.113208,0.735849,0.150943,cluster27
662,0.186047,0.697674,0.116279,cluster27
682,0.153846,0.692308,0.153846,cluster27
741,0.138462,0.7,0.161538,cluster27
780,0.202899,0.652174,0.144928,cluster27
782,0.076923,0.723077,0.2,cluster27
836,0.166667,0.7,0.133333,cluster27
849,0.2,0.666667,0.133333,cluster27
856,0.2,0.66,0.14,cluster27
894,0.128205,0.74359,0.128205,cluster27
900,0.096774,0.741935,0.16129,cluster27
906,0.148148,0.703704,0.148148,cluster27
947,0.1875,0.6875,0.125,cluster27
951,0.103448,0.724138,0.172414,cluster27
969,0.16,0.64,0.2,cluster27
987,0.18,0.65,0.17,cluster27
1032,0.082353,0.670588,0.247059,cluster27
1081,0.16,0.62,0.22,cluster27
1102,0.103448,0.689655,0.206897,cluster27
1114,0.136364,0.727273,0.136364,cluster27
1129,0.117647,0.647059,0.235294,cluster27
1159,0.2,0.64,0.16,cluster27
1176,0.146341,0.634146,0.219512,cluster27
1182,0.176471,0.647059,0.176471,cluster27
1184,0.186047,0.674419,0.139535,cluster27
1204,0.12,0.68,0.2,cluster27
1217,0.1,0.683333,0.216667,cluster27
1225,0.130435,0.652174,0.217391,cluster27
1274,0.12,0.72,0.16,cluster27
1282,0.148148,0.703704,0.148148,cluster27
1302,0.076923,0.730769,0.192308,cluster27
1320,0.15,0.65,0.2,cluster27
1339,0.137931,0.655172,0.206897,cluster27
1342,0.086957,0.73913,0.173913,cluster27
1393,0.085714,0.685714,0.228571,cluster27
1396,0.093333,0.72,0.186667,cluster27
1401,0.152174,0.630435,0.217391,cluster27
1423,0.1,0.733333,0.166667,cluster27
1434,0.083333,0.75,0.166667,cluster27
1435,0.175,0.65,0.175,cluster27
1441,0.166667,0.714286,0.119048,cluster27
1508,0.181818,0.681818,0.136364,cluster27
1527,0.181818,0.636364,0.181818,cluster27
1555,0.090909,0.681818,0.227273,cluster27
1596,0.142857,0.678571,0.178571,cluster27
1617,0.157895,0.684211,0.157895,cluster27
1619,0.12,0.64,0.24,cluster27
1656,0.117647,0.705882,0.176471,cluster27
1663,0.2,0.68,0.12,cluster27
1667,0.142857,0.642857,0.214286,cluster27
1675,0.142857,0.642857,0.214286,cluster27
1676,0.181818,0.636364,0.181818,cluster27
1691,0.105263,0.736842,0.157895,cluster27
1719,0.166667,0.666667,0.166667,cluster27
1745,0.166667,0.666667,0.166667,cluster27
1784,0.176471,0.676471,0.147059,cluster27
1802,0.142857,0.714286,0.142857,cluster27
1824,0.138889,0.666667,0.194444,cluster27
1872,0.092593,0.648148,0.259259,cluster27
1899,0.090909,0.681818,0.227273,cluster27
1910,0.114286,0.714286,0.171429,cluster27
1919,0.082353,0.705882,0.211765,cluster27
1957,0.113636,0.685606,0.200758,cluster27
1970,0.074074,0.666667,0.259259,cluster27
1988,0.145161,0.682796,0.172043,cluster27
2066,0.125604,0.724638,0.149758,cluster27
2075,0.166667,0.705128,0.128205,cluster27
2088,0.102273,0.681818,0.215909,cluster27
2121,0.123457,0.654321,0.222222,cluster27
2124,0.130435,0.717391,0.152174,cluster27
2136,0.138462,0.646154,0.215385,cluster27
2157,0.190476,0.690476,0.119048,cluster27
2191,0.067416,0.707865,0.224719,cluster27
2250,0.128571,0.642857,0.228571,cluster27
2272,0.109091,0.672727,0.218182,cluster27
2278,0.106667,0.666667,0.226667,cluster27
2338,0.137931,0.724138,0.137931,cluster27
2376,0.177778,0.666667,0.155556,cluster27
2437,0.163636,0.636364,0.2,cluster27
2468,0.08,0.68,0.24,cluster27
2469,0.166667,0.625,0.208333,cluster27
2493,0.066667,0.666667,0.266667,cluster27
2504,0.125,0.708333,0.166667,cluster27
2509,0.16129,0.709677,0.129032,cluster27
2540,0.060606,0.69697,0.242424,cluster27
146,0.583333,0.083333,0.333333,cluster28
171,0.545455,0.090909,0.363636,cluster28
386,0.56,0.053333,0.386667,cluster28
607,0.567568,0.067568,0.364865,cluster28
649,0.589041,0.027397,0.383562,cluster28
684,0.590909,0.045455,0.363636,cluster28
761,0.530612,0.102041,0.367347,cluster28
770,0.54,0.08,0.38,cluster28
797,0.538462,0.030769,0.430769,cluster28
816,0.568627,0.098039,0.333333,cluster28
855,0.55102,0.040816,0.408163,cluster28
913,0.576923,0.057692,0.365385,cluster28
916,0.571429,0.057143,0.371429,cluster28
962,0.55,0.05,0.4,cluster28
970,0.59375,0.03125,0.375,cluster28
1086,0.589041,0.020548,0.390411,cluster28
1173,0.555556,0.111111,0.333333,cluster28
1189,0.59375,0.03125,0.375,cluster28
1200,0.53125,0.09375,0.375,cluster28
1214,0.5,0.125,0.375,cluster28
1290,0.518519,0.074074,0.407407,cluster28
1350,0.512195,0.02439,0.463415,cluster28
1412,0.59375,0.03125,0.375,cluster28
1427,0.485714,0.114286,0.4,cluster28
1480,0.533333,0.133333,0.333333,cluster28
1486,0.5,0.111111,0.388889,cluster28
1591,0.5,0.083333,0.416667,cluster28
1615,0.566667,0.033333,0.4,cluster28
1628,0.5,0.125,0.375,cluster28
1740,0.533333,0.066667,0.4,cluster28
1771,0.545455,0.045455,0.409091,cluster28
1773,0.555556,0.055556,0.388889,cluster28
1779,0.576923,0.038462,0.384615,cluster28
1828,0.555556,0.111111,0.333333,cluster28
1858,0.5,0.1,0.4,cluster28
1870,0.485714,0.057143,0.457143,cluster28
1871,0.55,0.066667,0.383333,cluster28
1931,0.506329,0.126582,0.367089,cluster28
1996,0.497487,0.095477,0.407035,cluster28
2004,0.479532,0.116959,0.403509,cluster28
2020,0.556962,0.126582,0.316456,cluster28
2028,0.489362,0.070922,0.439716,cluster28
2033,0.523256,0.046512,0.430233,cluster28
2037,0.489583,0.125,0.385417,cluster28
2050,0.575,0.058333,0.366667,cluster28
2055,0.534884,0.04186,0.423256,cluster28
2074,0.5,0.041667,0.458333,cluster28
2207,0.568966,0.068966,0.362069,cluster28
2245,0.516667,0.016667,0.466667,cluster28
2266,0.506494,0.077922,0.415584,cluster28
2286,0.538462,0.092308,0.369231,cluster28
2304,0.543478,0.130435,0.326087,cluster28
2322,0.541667,0.0625,0.395833,cluster28
2326,0.55,0.025,0.425,cluster28
2490,0.592593,0.037037,0.37037,cluster28
2496,0.5,0.038462,0.461538,cluster28
157,0.296296,0.703704,0,cluster29
163,0.3,0.7,0,cluster29
197,0.25,0.75,0,cluster29
267,0.25,0.75,0,cluster29
275,0.25,0.75,0,cluster29
352,0.272727,0.727273,0,cluster29
416,0.268293,0.682927,0.04878,cluster29
626,0.26,0.7,0.04,cluster29
641,0.229167,0.729167,0.041667,cluster29
660,0.25,0.691667,0.058333,cluster29
733,0.25,0.683333,0.066667,cluster29
764,0.260417,0.729167,0.010417,cluster29
765,0.243902,0.743902,0.012195,cluster29
923,0.236111,0.722222,0.041667,cluster29
1021,0.22619,0.714286,0.059524,cluster29
1088,0.238095,0.714286,0.047619,cluster29
1137,0.25,0.725,0.025,cluster29
1166,0.230769,0.717949,0.051282,cluster29
1219,0.266667,0.733333,0,cluster29
1248,0.225806,0.709677,0.064516,cluster29
1362,0.218182,0.709091,0.072727,cluster29
1364,0.26087,0.695652,0.043478,cluster29
1538,0.285714,0.666667,0.047619,cluster29
1816,0.25,0.6875,0.0625,cluster29
1951,0.295082,0.704918,0,cluster29
1985,0.242574,0.757426,0,cluster29
2026,0.275,0.71,0.015,cluster29
2027,0.22549,0.730392,0.044118,cluster29
2092,0.253333,0.746667,0,cluster29
2117,0.231579,0.715789,0.052632,cluster29
2313,0.243243,0.756757,0,cluster29
2361,0.259259,0.703704,0.037037,cluster29
2417,0.242424,0.727273,0.030303,cluster29
2431,0.230769,0.692308,0.076923,cluster29
2481,0.272727,0.727273,0,cluster29
40,0.428571,0.285714,0.285714,cluster3
169,0.428571,0.285714,0.285714,cluster3
210,0.444444,0.277778,0.277778,cluster3
298,0.444444,0.333333,0.222222,cluster3
355,0.487179,0.25641,0.25641,cluster3
422,0.416667,0.333333,0.25,cluster3
629,0.428571,0.314286,0.257143,cluster3
669,0.44,0.26,0.3,cluster3
675,0.465969,0.319372,0.21466,cluster3
754,0.444444,0.266667,0.288889,cluster3
772,0.487805,0.292683,0.219512,cluster3
872,0.4,0.311111,0.288889,cluster3
898,0.465116,0.325581,0.209302,cluster3
1061,0.452381,0.285714,0.261905,cluster3
1091,0.414894,0.297872,0.287234,cluster3
1103,0.4,0.333333,0.266667,cluster3
1107,0.46729,0.28972,0.242991,cluster3
1108,0.4375,0.3125,0.25,cluster3
1164,0.473684,0.263158,0.263158,cluster3
1234,0.5,0.266667,0.233333,cluster3
1321,0.454545,0.272727,0.272727,cluster3
1332,0.5,0.269231,0.230769,cluster3
1384,0.473684,0.315789,0.210526,cluster3
1406,0.434783,0.26087,0.304348,cluster3
1428,0.470588,0.294118,0.235294,cluster3
1437,0.481481,0.259259,0.259259,cluster3
1548,0.4,0.3,0.3,cluster3
1700,0.454545,0.272727,0.272727,cluster3
1768,0.428571,0.321429,0.25,cluster3
1898,0.434783,0.347826,0.217391,cluster3
1909,0.413793,0.327586,0.258621,cluster3
1911,0.45,0.3,0.25,cluster3
1915,0.447761,0.343284,0.208955,cluster3
1923,0.488889,0.288889,0.222222,cluster3
2030,0.428571,0.300912,0.270517,cluster3
2073,0.482759,0.287356,0.229885,cluster3
2078,0.438776,0.255102,0.306122,cluster3
2128,0.45283,0.301887,0.245283,cluster3
2214,0.393939,0.333333,0.272727,cluster3
2230,0.4375,0.291667,0.270833,cluster3
2351,0.394737,0.315789,0.289474,cluster3
2365,0.413793,0.310345,0.275862,cluster3
2428,0.44,0.34,0.22,cluster3
2465,0.419355,0.322581,0.258065,cluster3
2503,0.44,0.32,0.24,cluster3
50,0.125,0.4375,0.4375,cluster30
53,0.090909,0.363636,0.545455,cluster30
58,0.166667,0.333333,0.5,cluster30
64,0.125,0.375,0.5,cluster30
91,0.066667,0.4,0.533333,cluster30
128,0.058824,0.411765,0.529412,cluster30
212,0.111111,0.444444,0.444444,cluster30
268,0.166667,0.333333,0.5,cluster30
287,0.125,0.375,0.5,cluster30
373,0.137931,0.448276,0.413793,cluster30
375,0.142857,0.428571,0.428571,cluster30
405,0.063927,0.479452,0.456621,cluster30
421,0.107143,0.464286,0.428571,cluster30
456,0.032258,0.483871,0.483871,cluster30
484,0.080537,0.456376,0.463087,cluster30
498,0.166667,0.388889,0.444444,cluster30
534,0.166667,0.333333,0.5,cluster30
568,0.071429,0.428571,0.5,cluster30
595,0.179487,0.358974,0.461538,cluster30
608,0.150943,0.45283,0.396226,cluster30
617,0.2,0.36,0.44,cluster30
652,0.142857,0.342857,0.514286,cluster30
724,0.101124,0.420225,0.478652,cluster30
807,0.133333,0.422222,0.444444,cluster30
943,0.08,0.48,0.44,cluster30
952,0.111111,0.4,0.488889,cluster30
1019,0.065789,0.460526,0.473684,cluster30
1090,0.1,0.45,0.45,cluster30
1096,0.132353,0.441176,0.426471,cluster30
1275,0.115385,0.384615,0.5,cluster30
1278,0.032258,0.483871,0.483871,cluster30
1286,0.117647,0.411765,0.470588,cluster30
1312,0.114286,0.428571,0.457143,cluster30
1382,0.166667,0.366667,0.466667,cluster30
1433,0.172414,0.310345,0.517241,cluster30
1477,0.16,0.32,0.52,cluster30
1506,0.175,0.375,0.45,cluster30
1558,0.166667,0.416667,0.416667,cluster30
1564,0.136364,0.454545,0.409091,cluster30
1579,0.176471,0.352941,0.470588,cluster30
1589,0.105263,0.421053,0.473684,cluster30
1601,0.153846,0.410256,0.435897,cluster30
1610,0.136364,0.409091,0.454545,cluster30
1611,0.173913,0.391304,0.434783,cluster30
1648,0.105263,0.473684,0.421053,cluster30
1671,0.1,0.5,0.4,cluster30
1729,0.071429,0.5,0.428571,cluster30
1826,0.166667,0.416667,0.416667,cluster30
1946,0.125,0.3375,0.5375,cluster30
1973,0.055556,0.363248,0.581197,cluster30
1986,0.176923,0.4,0.423077,cluster30
2024,0.050955,0.414013,0.535032,cluster30
2044,0.169935,0.352941,0.477124,cluster30
2112,0.066116,0.429752,0.504132,cluster30
2137,0.101266,0.367089,0.531646,cluster30
2165,0.079365,0.444444,0.47619,cluster30
2193,0.053097,0.513274,0.433628,cluster30
2247,0.130435,0.391304,0.478261,cluster30
2281,0.119048,0.404762,0.47619,cluster30
2348,0.078947,0.473684,0.447368,cluster30
2349,0.103448,0.344828,0.551724,cluster30
2359,0.133333,0.4,0.466667,cluster30
2405,0.12,0.4,0.48,cluster30
2411,0.138889,0.416667,0.444444,cluster30
2442,0.111111,0.333333,0.555556,cluster30
2470,0.086957,0.478261,0.434783,cluster30
2483,0.1,0.5,0.4,cluster30
2530,0.037037,0.518519,0.444444,cluster30
2541,0.107143,0.464286,0.428571,cluster30
94,0.022222,0.977778,0,cluster31
109,0.115385,0.884615,0,cluster31
110,0.055556,0.944444,0,cluster31
177,0.15,0.85,0,cluster31
178,0.1,0.9,0,cluster31
202,0.066667,0.866667,0.066667,cluster31
206,0.153846,0.846154,0,cluster31
207,0.090909,0.909091,0,cluster31
224,0.142857,0.857143,0,cluster31
234,0.058824,0.941176,0,cluster31
240,0.1,0.9,0,cluster31
313,0.071429,0.880952,0.047619,cluster31
327,0.058824,0.941176,0,cluster31
348,0.069767,0.906977,0.023256,cluster31
411,0.114286,0.857143,0.028571,cluster31
414,0.15,0.85,0,cluster31
432,0.05,0.95,0,cluster31
447,0.111111,0.888889,0,cluster31
483,0.125,0.875,0,cluster31
576,0.153846,0.846154,0,cluster31
717,0.042017,0.936975,0.021008,cluster31
739,0.133333,0.86,0.006667,cluster31
760,0.092593,0.888889,0.018519,cluster31
811,0.119403,0.865672,0.014925,cluster31
846,0.111111,0.844444,0.044444,cluster31
909,0.068182,0.909091,0.022727,cluster31
928,0.078125,0.859375,0.0625,cluster31
937,0.054054,0.891892,0.054054,cluster31
971,0.105263,0.842105,0.052632,cluster31
974,0.1,0.86,0.04,cluster31
1068,0.065217,0.913043,0.021739,cluster31
1118,0.070175,0.894737,0.035088,cluster31
1163,0.081081,0.864865,0.054054,cluster31
1232,0.090909,0.857143,0.051948,cluster31
1355,0.06,0.92,0.02,cluster31
1388,0.095238,0.857143,0.047619,cluster31
1390,0.043478,0.913043,0.043478,cluster31
1400,0.038462,0.923077,0.038462,cluster31
1446,0.085714,0.885714,0.028571,cluster31
1475,0.055556,0.916667,0.027778,cluster31
1520,0.068966,0.896552,0.034483,cluster31
1600,0.125,0.84375,0.03125,cluster31
1608,0.074074,0.888889,0.037037,cluster31
1627,0.107143,0.857143,0.035714,cluster31
1694,0.033333,0.933333,0.033333,cluster31
1716,0.0625,0.875,0.0625,cluster31
1772,0.15,0.85,0,cluster31
1787,0.033333,0.933333,0.033333,cluster31
1801,0.035714,0.964286,0,cluster31
1875,0.03125,0.9375,0.03125,cluster31
1890,0.142857,0.857143,0,cluster31
1963,0.068966,0.862069,0.068966,cluster31
1995,0.073529,0.919118,0.007353,cluster31
2009,0.122581,0.83871,0.03871,cluster31
2032,0.040541,0.936937,0.022523,cluster31
2051,0.05,0.9,0.05,cluster31
2054,0.124444,0.871111,0.004444,cluster31
2059,0.085106,0.914894,0,cluster31
2072,0.10084,0.865546,0.033613,cluster31
2122,0.011494,0.988506,0,cluster31
2132,0.109589,0.876712,0.013699,cluster31
2155,0.107143,0.880952,0.011905,cluster31
2243,0.048544,0.883495,0.067961,cluster31
2246,0.066667,0.9,0.033333,cluster31
2291,0.020979,0.972028,0.006993,cluster31
2330,0.068966,0.87931,0.051724,cluster31
2339,0.068966,0.896552,0.034483,cluster31
2345,0.046512,0.883721,0.069767,cluster31
2362,0.018868,0.962264,0.018868,cluster31
2412,0.102564,0.871795,0.025641,cluster31
2438,0.066667,0.866667,0.066667,cluster31
2474,0.032258,0.935484,0.032258,cluster31
2508,0.1,0.9,0,cluster31
2510,0.04,0.88,0.08,cluster31
2534,0.041667,0.916667,0.041667,cluster31
392,0.636364,0.363636,0,cluster32
408,0.607843,0.313725,0.078431,cluster32
410,0.555556,0.333333,0.111111,cluster32
458,0.575758,0.333333,0.090909,cluster32
558,0.571429,0.428571,0,cluster32
698,0.58871,0.330645,0.080645,cluster32
749,0.565217,0.326087,0.108696,cluster32
802,0.6,0.3,0.1,cluster32
885,0.555556,0.333333,0.111111,cluster32
1076,0.588235,0.341176,0.070588,cluster32
1153,0.625,0.3125,0.0625,cluster32
1252,0.583333,0.333333,0.083333,cluster32
1276,0.571429,0.333333,0.095238,cluster32
1303,0.545455,0.409091,0.045455,cluster32
1336,0.583333,0.333333,0.083333,cluster32
1387,0.612903,0.354839,0.032258,cluster32
1403,0.5625,0.416667,0.020833,cluster32
1464,0.53125,0.375,0.09375,cluster32
1476,0.5625,0.3125,0.125,cluster32
1490,0.617647,0.323529,0.058824,cluster32
1505,0.625,0.35,0.025,cluster32
1532,0.555556,0.37037,0.074074,cluster32
1636,0.631579,0.315789,0.052632,cluster32
1658,0.586207,0.344828,0.068966,cluster32
1670,0.611111,0.333333,0.055556,cluster32
1687,0.666667,0.296296,0.037037,cluster32
1724,0.555556,0.333333,0.111111,cluster32
1764,0.55814,0.418605,0.023256,cluster32
1781,0.625,0.34375,0.03125,cluster32
1809,0.55,0.35,0.1,cluster32
1811,0.578947,0.315789,0.105263,cluster32
1864,0.541667,0.375,0.083333,cluster32
1891,0.565217,0.391304,0.043478,cluster32
1964,0.676301,0.289017,0.034682,cluster32
1981,0.666667,0.305556,0.027778,cluster32
1992,0.640741,0.314815,0.044444,cluster32
2008,0.576037,0.40553,0.018433,cluster32
2135,0.568627,0.392157,0.039216,cluster32
2159,0.636364,0.327273,0.036364,cluster32
2173,0.628931,0.345912,0.025157,cluster32
2287,0.62,0.3,0.08,cluster32
2319,0.653061,0.316327,0.030612,cluster32
2360,0.625,0.3125,0.0625,cluster32
2425,0.666667,0.311111,0.022222,cluster32
2467,0.594595,0.351351,0.054054,cluster32
2514,0.566667,0.333333,0.1,cluster32
2516,0.62069,0.37931,0,cluster32
0,0,0.916667,0.083333,cluster33
31,0,0.909091,0.090909,cluster33
57,0,0.9,0.1,cluster33
95,0.016949,0.864407,0.118644,cluster33
105,0,0.941176,0.058824,cluster33
118,0,0.935484,0.064516,cluster33
120,0,0.916667,0.083333,cluster33
122,0,0.925926,0.074074,cluster33
123,0,0.878788,0.121212,cluster33
139,0,0.941176,0.058824,cluster33
173,0,0.9,0.1,cluster33
174,0,0.910714,0.089286,cluster33
176,0,0.925926,0.074074,cluster33
194,0,0.941176,0.058824,cluster33
201,0,0.9375,0.0625,cluster33
209,0.027027,0.864865,0.108108,cluster33
228,0,0.928571,0.071429,cluster33
244,0,0.882353,0.117647,cluster33
245,0,0.894737,0.105263,cluster33
269,0,0.909091,0.090909,cluster33
319,0,0.9,0.1,cluster33
345,0,0.9,0.1,cluster33
354,0,0.918367,0.081633,cluster33
378,0,0.88,0.12,cluster33
387,0,0.933333,0.066667,cluster33
395,0,0.916667,0.083333,cluster33
417,0,0.918367,0.081633,cluster33
428,0,0.9375,0.0625,cluster33
435,0,0.885714,0.114286,cluster33
468,0,0.88,0.12,cluster33
510,0,0.935484,0.064516,cluster33
513,0,0.909091,0.090909,cluster33
547,0,0.884615,0.115385,cluster33
578,0,0.916667,0.083333,cluster33
702,0,0.89899,0.10101,cluster33
709,0.004444,0.953333,0.042222,cluster33
726,0,0.88685,0.11315,cluster33
751,0,0.9375,0.0625,cluster33
755,0,0.92,0.08,cluster33
773,0.011628,0.965116,0.023256,cluster33
804,0,0.914286,0.085714,cluster33
813,0.028169,0.929577,0.042254,cluster33
818,0.020833,0.895833,0.083333,cluster33
845,0,0.9375,0.0625,cluster33
851,0,0.88,0.12,cluster33
852,0,0.930233,0.069767,cluster33
866,0,0.891304,0.108696,cluster33
874,0.027778,0.861111,0.111111,cluster33
926,0,0.9,0.1,cluster33
950,0,0.928571,0.071429,cluster33
975,0,0.88,0.12,cluster33
978,0.028571,0.914286,0.057143,cluster33
988,0.014493,0.898551,0.086957,cluster33
998,0.020725,0.943005,0.036269,cluster33
1001,0,0.930769,0.069231,cluster33
1041,0.019608,0.901961,0.078431,cluster33
1054,0.014925,0.955224,0.029851,cluster33
1060,0,0.886364,0.113636,cluster33
1070,0,0.933333,0.066667,cluster33
1211,0,0.909091,0.090909,cluster33
1213,0,0.884058,0.115942,cluster33
1273,0,0.909091,0.090909,cluster33
1319,0,0.892857,0.107143,cluster33
1331,0.025641,0.923077,0.051282,cluster33
1346,0.03125,0.90625,0.0625,cluster33
1347,0.02381,0.928571,0.047619,cluster33
1349,0,0.92,0.08,cluster33
1351,0.016129,0.951613,0.032258,cluster33
1422,0.011628,0.965116,0.023256,cluster33
1461,0,0.94,0.06,cluster33
1462,0,0.888889,0.111111,cluster33
1495,0.031746,0.904762,0.063492,cluster33
1528,0.022222,0.911111,0.066667,cluster33
1549,0,0.92,0.08,cluster33
1557,0,0.933333,0.066667,cluster33
1567,0,0.894737,0.105263,cluster33
1572,0,0.882353,0.117647,cluster33
1574,0,0.894737,0.105263,cluster33
1661,0,0.928571,0.071429,cluster33
1756,0.020408,0.918367,0.061224,cluster33
1766,0,0.891892,0.108108,cluster33
1815,0,0.928571,0.071429,cluster33
1820,0.028571,0.914286,0.057143,cluster33
1827,0,0.882353,0.117647,cluster33
1844,0,0.9,0.1,cluster33
1926,0,0.935484,0.064516,cluster33
1944,0,0.92,0.08,cluster33
2001,0.025,0.87,0.105,cluster33
2012,0.029126,0.893204,0.07767,cluster33
2049,0.009524,0.895238,0.095238,cluster33
2062,0,0.937255,0.062745,cluster33
2086,0.033557,0.90604,0.060403,cluster33
2107,0,0.931624,0.068376,cluster33
2129,0.019231,0.884615,0.096154,cluster33
2134,0.016393,0.95082,0.032787,cluster33
2166,0,0.918919,0.081081,cluster33
2233,0.005917,0.857988,0.136095,cluster33
2268,0,0.940299,0.059701,cluster33
2274,0.020408,0.938776,0.040816,cluster33
2282,0,0.9,0.1,cluster33
2283,0.018868,0.924528,0.056604,cluster33
2290,0,0.934783,0.065217,cluster33
2311,0,0.895833,0.104167,cluster33
2328,0.034483,0.87931,0.086207,cluster33
2329,0.022222,0.911111,0.066667,cluster33
2331,0,0.9375,0.0625,cluster33
2367,0,0.921053,0.078947,cluster33
2448,0.019608,0.862745,0.117647,cluster33
2453,0.020833,0.916667,0.0625,cluster33
2482,0.035714,0.892857,0.071429,cluster33
2515,0.027027,0.864865,0.108108,cluster33
2544,0,0.911765,0.088235,cluster33
2545,0,0.894737,0.105263,cluster33
96,0.645833,0.1875,0.166667,cluster34
127,0.681818,0.136364,0.181818,cluster34
257,0.714286,0.142857,0.142857,cluster34
260,0.666667,0.166667,0.166667,cluster34
274,0.666667,0.166667,0.166667,cluster34
280,0.666667,0.166667,0.166667,cluster34
443,0.619048,0.190476,0.190476,cluster34
531,0.666667,0.133333,0.2,cluster34
557,0.666667,0.111111,0.222222,cluster34
588,0.722222,0.111111,0.166667,cluster34
613,0.688889,0.133333,0.177778,cluster34
767,0.727273,0.136364,0.136364,cluster34
895,0.736842,0.105263,0.157895,cluster34
919,0.719512,0.097561,0.182927,cluster34
941,0.708333,0.125,0.166667,cluster34
986,0.658824,0.129412,0.211765,cluster34
1031,0.685714,0.128571,0.185714,cluster34
1048,0.697674,0.093023,0.209302,cluster34
1089,0.655172,0.172414,0.172414,cluster34
1165,0.704545,0.090909,0.204545,cluster34
1190,0.621212,0.181818,0.19697,cluster34
1193,0.736842,0.105263,0.157895,cluster34
1206,0.714286,0.142857,0.142857,cluster34
1251,0.666667,0.166667,0.166667,cluster34
1271,0.733333,0.1,0.166667,cluster34
1318,0.703704,0.111111,0.185185,cluster34
1374,0.684211,0.105263,0.210526,cluster34
1378,0.6875,0.09375,0.21875,cluster34
1414,0.65,0.15,0.2,cluster34
1463,0.642857,0.142857,0.214286,cluster34
1541,0.703704,0.185185,0.111111,cluster34
1543,0.722222,0.166667,0.111111,cluster34
1575,0.615385,0.153846,0.230769,cluster34
1746,0.636364,0.181818,0.181818,cluster34
1883,0.636364,0.181818,0.181818,cluster34
1894,0.705882,0.117647,0.176471,cluster34
1900,0.695652,0.086957,0.217391,cluster34
1991,0.69697,0.151515,0.151515,cluster34
2017,0.675676,0.148649,0.175676,cluster34
2048,0.735849,0.069182,0.194969,cluster34
2172,0.68,0.16,0.16,cluster34
2182,0.647059,0.152941,0.2,cluster34
2413,0.666667,0.133333,0.2,cluster34
2420,0.645161,0.129032,0.225806,cluster34
2435,0.636364,0.181818,0.181818,cluster34
2439,0.62963,0.185185,0.185185,cluster34
2523,0.642857,0.142857,0.214286,cluster34
3,0,0.666667,0.333333,cluster35
22,0,0.678571,0.321429,cluster35
29,0,0.6875,0.3125,cluster35
33,0,0.692308,0.307692,cluster35
43,0,0.692308,0.307692,cluster35
60,0,0.666667,0.333333,cluster35
62,0,0.666667,0.333333,cluster35
77,0,0.645161,0.354839,cluster35
86,0,0.648649,0.351351,cluster35
113,0,0.64557,0.35443,cluster35
115,0,0.666667,0.333333,cluster35
159,0,0.714286,0.285714,cluster35
164,0,0.7,0.3,cluster35
340,0,0.7,0.3,cluster35
399,0,0.645161,0.354839,cluster35
448,0,0.676471,0.323529,cluster35
470,0,0.65,0.35,cluster35
475,0,0.714286,0.285714,cluster35
526,0,0.692308,0.307692,cluster35
562,0,0.727273,0.272727,cluster35
567,0,0.714286,0.285714,cluster35
638,0.012821,0.666667,0.320513,cluster35
736,0.016129,0.677419,0.306452,cluster35
763,0,0.71875,0.28125,cluster35
785,0,0.7,0.3,cluster35
831,0,0.7,0.3,cluster35
911,0,0.642857,0.357143,cluster35
917,0,0.666667,0.333333,cluster35
979,0,0.64,0.36,cluster35
1051,0,0.701754,0.298246,cluster35
1131,0,0.7,0.3,cluster35
1136,0.038462,0.692308,0.269231,cluster35
1183,0,0.647059,0.352941,cluster35
1240,0,0.65625,0.34375,cluster35
1284,0,0.692308,0.307692,cluster35
1288,0.035714,0.678571,0.285714,cluster35
1366,0,0.6875,0.3125,cluster35
1379,0,0.692308,0.307692,cluster35
1398,0.04,0.68,0.28,cluster35
1453,0.025641,0.692308,0.282051,cluster35
1454,0,0.727273,0.272727,cluster35
1606,0,0.644444,0.355556,cluster35
1624,0,0.717949,0.282051,cluster35
1684,0,0.6875,0.3125,cluster35
1713,0,0.692308,0.307692,cluster35
1747,0,0.727273,0.272727,cluster35
1763,0,0.652174,0.347826,cluster35
1881,0,0.648649,0.351351,cluster35
1966,0,0.670103,0.329897,cluster35
2034,0.0271,0.663957,0.308943,cluster35
2042,0.035354,0.691919,0.272727,cluster35
2113,0,0.682171,0.317829,cluster35
2133,0,0.641509,0.358491,cluster35
2175,0.018182,0.672727,0.309091,cluster35
2202,0,0.717593,0.282407,cluster35
2248,0,0.660377,0.339623,cluster35
2269,0,0.720588,0.279412,cluster35
2292,0.020408,0.673469,0.306122,cluster35
2310,0,0.65,0.35,cluster35
2393,0,0.6875,0.3125,cluster35
2404,0,0.6875,0.3125,cluster35
2475,0,0.68,0.32,cluster35
2487,0,0.65625,0.34375,cluster35
2552,0,0.666667,0.333333,cluster35
10,0.253425,0.547945,0.19863,cluster36
147,0.222222,0.555556,0.222222,cluster36
263,0.2,0.6,0.2,cluster36
303,0.222222,0.555556,0.222222,cluster36
338,0.222222,0.555556,0.222222,cluster36
439,0.2,0.6,0.2,cluster36
593,0.209302,0.604651,0.186047,cluster36
650,0.25,0.525,0.225,cluster36
653,0.25641,0.564103,0.179487,cluster36
657,0.25,0.558824,0.191176,cluster36
658,0.242857,0.571429,0.185714,cluster36
681,0.219512,0.536585,0.243902,cluster36
699,0.230769,0.598291,0.17094,cluster36
734,0.235294,0.568627,0.196078,cluster36
753,0.25641,0.564103,0.179487,cluster36
766,0.263158,0.526316,0.210526,cluster36
806,0.2,0.6,0.2,cluster36
828,0.264706,0.558824,0.176471,cluster36
854,0.2,0.62,0.18,cluster36
905,0.25,0.55,0.2,cluster36
912,0.208333,0.541667,0.25,cluster36
1013,0.2,0.625,0.175,cluster36
1072,0.25,0.575,0.175,cluster36
1084,0.267016,0.554974,0.17801,cluster36
1104,0.206897,0.586207,0.206897,cluster36
1330,0.25,0.55,0.2,cluster36
1344,0.25,0.55,0.2,cluster36
1372,0.176471,0.588235,0.235294,cluster36
1373,0.266667,0.533333,0.2,cluster36
1466,0.241935,0.548387,0.209677,cluster36
1509,0.24,0.56,0.2,cluster36
1525,0.2,0.6,0.2,cluster36
1526,0.2,0.6,0.2,cluster36
1586,0.210526,0.578947,0.210526,cluster36
1638,0.192308,0.615385,0.192308,cluster36
1725,0.214286,0.571429,0.214286,cluster36
1753,0.263158,0.578947,0.157895,cluster36
1776,0.272727,0.545455,0.181818,cluster36
1793,0.2,0.6,0.2,cluster36
1822,0.166667,0.6,0.233333,cluster36
1892,0.272727,0.545455,0.181818,cluster36
1903,0.2,0.575,0.225,cluster36
1940,0.222222,0.545455,0.232323,cluster36
1943,0.22807,0.578947,0.192982,cluster36
1980,0.185185,0.592593,0.222222,cluster36
2036,0.24,0.56,0.2,cluster36
2200,0.241611,0.536913,0.221477,cluster36
2257,0.233333,0.533333,0.233333,cluster36
2305,0.234043,0.595745,0.170213,cluster36
2316,0.178571,0.607143,0.214286,cluster36
2379,0.26,0.56,0.18,cluster36
2381,0.1875,0.5625,0.25,cluster36
2443,0.195122,0.560976,0.243902,cluster36
2446,0.212121,0.606061,0.181818,cluster36
2449,0.263158,0.526316,0.210526,cluster36
2550,0.210526,0.578947,0.210526,cluster36
2551,0.272727,0.545455,0.181818,cluster36
8,0,0.75,0.25,cluster37
16,0,0.769231,0.230769,cluster37
27,0,0.741935,0.258065,cluster37
34,0,0.785714,0.214286,cluster37
42,0,0.75,0.25,cluster37
74,0,0.742857,0.257143,cluster37
114,0,0.780488,0.219512,cluster37
116,0.058824,0.764706,0.176471,cluster37
143,0,0.75,0.25,cluster37
149,0,0.789474,0.210526,cluster37
154,0,0.730769,0.269231,cluster37
208,0.030303,0.787879,0.181818,cluster37
231,0,0.763158,0.236842,cluster37
235,0.064516,0.741935,0.193548,cluster37
259,0,0.75,0.25,cluster37
288,0,0.75,0.25,cluster37
306,0,0.785714,0.214286,cluster37
312,0,0.789474,0.210526,cluster37
315,0,0.75,0.25,cluster37
318,0,0.777778,0.222222,cluster37
361,0,0.788889,0.211111,cluster37
394,0,0.789474,0.210526,cluster37
407,0.051282,0.774359,0.174359,cluster37
464,0,0.777778,0.222222,cluster37
496,0.05,0.75,0.2,cluster37
536,0.066667,0.733333,0.2,cluster37
539,0,0.764706,0.235294,cluster37
560,0.05,0.7,0.25,cluster37
574,0,0.769231,0.230769,cluster37
586,0.033333,0.766667,0.2,cluster37
601,0,0.747475,0.252525,cluster37
637,0,0.793651,0.206349,cluster37
663,0,0.745763,0.254237,cluster37
674,0,0.795082,0.204918,cluster37
683,0.05,0.766667,0.183333,cluster37
685,0.021739,0.73913,0.23913,cluster37
826,0,0.766667,0.233333,cluster37
835,0.045455,0.727273,0.227273,cluster37
869,0.021739,0.804348,0.173913,cluster37
881,0,0.759494,0.240506,cluster37
888,0.027778,0.722222,0.25,cluster37
981,0.027778,0.777778,0.194444,cluster37
1020,0.03,0.78,0.19,cluster37
1022,0.048544,0.747573,0.203883,cluster37
1144,0,0.785714,0.214286,cluster37
1192,0.05,0.75,0.2,cluster37
1226,0,0.733333,0.266667,cluster37
1257,0.045455,0.727273,0.227273,cluster37
1301,0,0.756098,0.243902,cluster37
1328,0.047619,0.761905,0.190476,cluster37
1356,0.038462,0.730769,0.230769,cluster37
1365,0.054054,0.72973,0.216216,cluster37
1386,0.05,0.75,0.2,cluster37
1391,0,0.791667,0.208333,cluster37
1440,0.012048,0.771084,0.216867,cluster37
1470,0.057143,0.771429,0.171429,cluster37
1498,0.012987,0.779221,0.207792,cluster37
1502,0,0.757576,0.242424,cluster37
1513,0.05,0.75,0.2,cluster37
1531,0.047619,0.761905,0.190476,cluster37
1546,0.043478,0.695652,0.26087,cluster37
1620,0.058824,0.764706,0.176471,cluster37
1640,0,0.76,0.24,cluster37
1649,0,0.777778,0.222222,cluster37
1683,0,0.761905,0.238095,cluster37
1709,0,0.733333,0.266667,cluster37
1736,0.052632,0.736842,0.210526,cluster37
1738,0,0.75,0.25,cluster37
1744,0.047619,0.761905,0.190476,cluster37
1762,0.057143,0.714286,0.228571,cluster37
1852,0.032258,0.709677,0.258065,cluster37
1854,0,0.736842,0.263158,cluster37
1893,0,0.75,0.25,cluster37
1895,0.045455,0.727273,0.227273,cluster37
1975,0.013158,0.776316,0.210526,cluster37
1982,0.026087,0.713043,0.26087,cluster37
2016,0,0.763441,0.236559,cluster37
2099,0,0.787879,0.212121,cluster37
2115,0.038961,0.792208,0.168831,cluster37
2212,0.013072,0.72549,0.261438,cluster37
2264,0.030769,0.738462,0.230769,cluster37
2275,0.033898,0.762712,0.20339,cluster37
2280,0.04878,0.768293,0.182927,cluster37
2307,0,0.72973,0.27027,cluster37
2309,0,0.75,0.25,cluster37
2373,0.066667,0.733333,0.2,cluster37
2408,0.029412,0.794118,0.176471,cluster37
2410,0.035714,0.75,0.214286,cluster37
2434,0,0.736842,0.263158,cluster37
2479,0,0.75,0.25,cluster37
2488,0,0.75,0.25,cluster37
2535,0.03125,0.78125,0.1875,cluster37
2549,0,0.777778,0.222222,cluster37
2553,0.038462,0.769231,0.192308,cluster37
23,0.25,0.25,0.5,cluster38
229,0.272727,0.272727,0.454545,cluster38
241,0.230769,0.307692,0.461538,cluster38
349,0.222222,0.322222,0.455556,cluster38
425,0.285714,0.285714,0.428571,cluster38
481,0.25,0.25,0.5,cluster38
518,0.263158,0.263158,0.473684,cluster38
715,0.285714,0.3,0.414286,cluster38
745,0.277778,0.333333,0.388889,cluster38
829,0.266667,0.311111,0.422222,cluster38
853,0.225,0.3,0.475,cluster38
870,0.26,0.26,0.48,cluster38
882,0.25,0.3,0.45,cluster38
960,0.3,0.25,0.45,cluster38
993,0.247059,0.288235,0.464706,cluster38
1025,0.313725,0.254902,0.431373,cluster38
1156,0.25,0.25,0.5,cluster38
1236,0.259259,0.296296,0.444444,cluster38
1314,0.246377,0.318841,0.434783,cluster38
1323,0.208333,0.291667,0.5,cluster38
1419,0.296296,0.259259,0.444444,cluster38
1493,0.272727,0.242424,0.484848,cluster38
1660,0.227273,0.318182,0.454545,cluster38
1835,0.25,0.25,0.5,cluster38
1862,0.266667,0.333333,0.4,cluster38
1874,0.263158,0.263158,0.473684,cluster38
2095,0.300813,0.292683,0.406504,cluster38
2100,0.270588,0.294118,0.435294,cluster38
2158,0.253731,0.253731,0.492537,cluster38
2220,0.240741,0.314815,0.444444,cluster38
2242,0.254386,0.254386,0.491228,cluster38
2260,0.272727,0.295455,0.431818,cluster38
2318,0.257143,0.257143,0.485714,cluster38
2356,0.263158,0.315789,0.421053,cluster38
2422,0.27027,0.324324,0.405405,cluster38
2463,0.304348,0.26087,0.434783,cluster38
2466,0.266667,0.266667,0.466667,cluster38
1,0,0.444444,0.555556,cluster39
9,0,0.5,0.5,cluster39
55,0,0.478261,0.521739,cluster39
79,0,0.466667,0.533333,cluster39
93,0,0.428571,0.571429,cluster39
107,0,0.4,0.6,cluster39
117,0,0.454545,0.545455,cluster39
131,0,0.461538,0.538462,cluster39
151,0,0.454545,0.545455,cluster39
187,0,0.428571,0.571429,cluster39
192,0,0.5,0.5,cluster39
193,0,0.428571,0.571429,cluster39
195,0,0.5,0.5,cluster39
256,0,0.423077,0.576923,cluster39
264,0,0.5,0.5,cluster39
278,0,0.5,0.5,cluster39
285,0,0.5,0.5,cluster39
323,0,0.444444,0.555556,cluster39
324,0,0.5,0.5,cluster39
409,0,0.5,0.5,cluster39
418,0,0.4,0.6,cluster39
436,0,0.430769,0.569231,cluster39
466,0,0.411765,0.588235,cluster39
474,0,0.51,0.49,cluster39
479,0,0.4,0.6,cluster39
493,0,0.4,0.6,cluster39
499,0,0.5,0.5,cluster39
508,0,0.444444,0.555556,cluster39
517,0,0.392857,0.607143,cluster39
530,0,0.4,0.6,cluster39
554,0,0.454545,0.545455,cluster39
561,0,0.444444,0.555556,cluster39
577,0,0.4375,0.5625,cluster39
672,0,0.525,0.475,cluster39
695,0,0.515152,0.484848,cluster39
719,0,0.513043,0.486957,cluster39
864,0.033333,0.433333,0.533333,cluster39
893,0,0.44,0.56,cluster39
1050,0.038462,0.392308,0.569231,cluster39
1289,0,0.5,0.5,cluster39
1313,0.014085,0.464789,0.521127,cluster39
1327,0,0.521739,0.478261,cluster39
1450,0,0.5,0.5,cluster39
1507,0,0.423077,0.576923,cluster39
1547,0,0.444444,0.555556,cluster39
1573,0.028571,0.428571,0.542857,cluster39
1587,0,0.416667,0.583333,cluster39
1698,0.02439,0.390244,0.585366,cluster39
1722,0,0.5,0.5,cluster39
1743,0,0.454545,0.545455,cluster39
1770,0,0.461538,0.538462,cluster39
1837,0,0.428571,0.571429,cluster39
1838,0,0.428571,0.571429,cluster39
1847,0,0.5,0.5,cluster39
1873,0.027778,0.388889,0.583333,cluster39
2031,0,0.47807,0.52193,cluster39
2038,0,0.489655,0.510345,cluster39
2131,0.025641,0.461538,0.512821,cluster39
2279,0.019608,0.490196,0.490196,cluster39
2371,0,0.428571,0.571429,cluster39
2395,0,0.382353,0.617647,cluster39
5,0,0.6,0.4,cluster4
18,0.04,0.6,0.36,cluster4
24,0,0.633333,0.366667,cluster4
56,0,0.625,0.375,cluster4
63,0,0.545455,0.454545,cluster4
84,0,0.55,0.45,cluster4
112,0,0.555556,0.444444,cluster4
119,0,0.615385,0.384615,cluster4
140,0,0.614286,0.385714,cluster4
172,0,0.54902,0.45098,cluster4
181,0,0.590909,0.409091,cluster4
198,0,0.555556,0.444444,cluster4
310,0,0.625,0.375,cluster4
321,0,0.625,0.375,cluster4
342,0,0.625,0.375,cluster4
412,0,0.621622,0.378378,cluster4
482,0,0.555556,0.444444,cluster4
500,0,0.6,0.4,cluster4
501,0,0.6,0.4,cluster4
538,0,0.6,0.4,cluster4
572,0,0.6,0.4,cluster4
827,0,0.5625,0.4375,cluster4
834,0,0.6,0.4,cluster4
877,0,0.54,0.46,cluster4
880,0,0.604651,0.395349,cluster4
1085,0,0.635135,0.364865,cluster4
1087,0,0.59375,0.40625,cluster4
1210,0,0.619048,0.380952,cluster4
1245,0.03125,0.625,0.34375,cluster4
1281,0,0.6,0.4,cluster4
1285,0.022727,0.590909,0.386364,cluster4
1287,0.025424,0.59322,0.381356,cluster4
1296,0.023256,0.55814,0.418605,cluster4
1307,0,0.608696,0.391304,cluster4
1459,0,0.55,0.45,cluster4
1496,0.038961,0.558442,0.402597,cluster4
1518,0,0.615385,0.384615,cluster4
1533,0,0.611111,0.388889,cluster4
1614,0,0.592593,0.407407,cluster4
1672,0,0.588235,0.411765,cluster4
1696,0,0.551724,0.448276,cluster4
1723,0,0.555556,0.444444,cluster4
1726,0,0.538462,0.461538,cluster4
1829,0,0.571429,0.428571,cluster4
1869,0,0.55,0.45,cluster4
1877,0,0.615385,0.384615,cluster4
1880,0,0.588235,0.411765,cluster4
1942,0,0.62,0.38,cluster4
1993,0.030303,0.572727,0.39697,cluster4
2025,0.042017,0.588235,0.369748,cluster4
2041,0.02994,0.54491,0.42515,cluster4
2087,0,0.57971,0.42029,cluster4
2146,0.038462,0.576923,0.384615,cluster4
2150,0,0.602041,0.397959,cluster4
2184,0.0125,0.575,0.4125,cluster4
2194,0.016667,0.616667,0.366667,cluster4
2285,0,0.594203,0.405797,cluster4
2385,0,0.57971,0.42029,cluster4
2390,0.045455,0.560606,0.393939,cluster4
2402,0,0.590164,0.409836,cluster4
2415,0.033333,0.533333,0.433333,cluster4
2424,0,0.636364,0.363636,cluster4
78,0.48,0.2,0.32,cluster40
179,0.416667,0.208333,0.375,cluster40
221,0.4,0.2,0.4,cluster40
380,0.444444,0.222222,0.333333,cluster40
390,0.48,0.22,0.3,cluster40
440,0.5,0.15,0.35,cluster40
444,0.434783,0.173913,0.391304,cluster40
495,0.5,0.2,0.3,cluster40
548,0.5,0.2,0.3,cluster40
664,0.475,0.225,0.3,cluster40
673,0.446429,0.151786,0.401786,cluster40
708,0.453552,0.136612,0.409836,cluster40
711,0.399194,0.193548,0.407258,cluster40
768,0.4375,0.234375,0.328125,cluster40
775,0.438356,0.150685,0.410959,cluster40
786,0.416667,0.208333,0.375,cluster40
814,0.484848,0.181818,0.333333,cluster40
819,0.5,0.181818,0.318182,cluster40
833,0.454545,0.2,0.345455,cluster40
879,0.428571,0.2,0.371429,cluster40
899,0.441176,0.235294,0.323529,cluster40
904,0.40625,0.25,0.34375,cluster40
1008,0.387755,0.204082,0.408163,cluster40
1027,0.461538,0.138462,0.4,cluster40
1043,0.482759,0.172414,0.344828,cluster40
1083,0.421053,0.210526,0.368421,cluster40
1119,0.477273,0.181818,0.340909,cluster40
1170,0.415094,0.226415,0.358491,cluster40
1241,0.484848,0.181818,0.333333,cluster40
1269,0.421053,0.263158,0.315789,cluster40
1291,0.461538,0.230769,0.307692,cluster40
1363,0.428571,0.214286,0.357143,cluster40
1474,0.4375,0.25,0.3125,cluster40
1504,0.5,0.166667,0.333333,cluster40
1598,0.451613,0.225806,0.322581,cluster40
1634,0.421053,0.210526,0.368421,cluster40
1645,0.461538,0.153846,0.384615,cluster40
1783,0.5,0.136364,0.363636,cluster40
1808,0.5,0.142857,0.357143,cluster40
1945,0.427536,0.246377,0.326087,cluster40
1948,0.436364,0.163636,0.4,cluster40
1962,0.422535,0.225352,0.352113,cluster40
1978,0.522449,0.155102,0.322449,cluster40
2070,0.392157,0.196078,0.411765,cluster40
2106,0.405063,0.202532,0.392405,cluster40
2140,0.47619,0.206349,0.31746,cluster40
2148,0.479167,0.208333,0.3125,cluster40
2171,0.431373,0.156863,0.411765,cluster40
2228,0.419643,0.205357,0.375,cluster40
2401,0.478261,0.173913,0.347826,cluster40
2441,0.5,0.15625,0.34375,cluster40
2452,0.47619,0.190476,0.333333,cluster40
2456,0.470588,0.176471,0.352941,cluster40
2494,0.428571,0.25,0.321429,cluster40
14,0.166667,0.166667,0.666667,cluster5
36,0.2,0.2,0.6,cluster5
71,0.222222,0.222222,0.555556,cluster5
188,0.142857,0.285714,0.571429,cluster5
204,0.166667,0.166667,0.666667,cluster5
218,0.2,0.2,0.6,cluster5
237,0.157895,0.210526,0.631579,cluster5
335,0.153846,0.230769,0.615385,cluster5
403,0.2,0.16,0.64,cluster5
455,0.181818,0.181818,0.636364,cluster5
478,0.2,0.2,0.6,cluster5
542,0.166667,0.277778,0.555556,cluster5
585,0.166667,0.266667,0.566667,cluster5
622,0.144737,0.263158,0.592105,cluster5
623,0.135135,0.189189,0.675676,cluster5
654,0.217391,0.217391,0.565217,cluster5
687,0.071429,0.303571,0.625,cluster5
692,0.264706,0.176471,0.558824,cluster5
713,0.204678,0.24269,0.552632,cluster5
747,0.066667,0.3,0.633333,cluster5
790,0.2,0.25,0.55,cluster5
1029,0.1875,0.1875,0.625,cluster5
1228,0.235294,0.205882,0.558824,cluster5
1263,0.111111,0.277778,0.611111,cluster5
1368,0.12,0.2,0.68,cluster5
1370,0.125,0.25,0.625,cluster5
1409,0.153846,0.230769,0.615385,cluster5
1420,0.263158,0.157895,0.578947,cluster5
1438,0.181818,0.227273,0.590909,cluster5
1524,0.235294,0.176471,0.588235,cluster5
1536,0.176471,0.176471,0.647059,cluster5
1554,0.125,0.25,0.625,cluster5
1585,0.214286,0.214286,0.571429,cluster5
1668,0.222222,0.222222,0.555556,cluster5
1682,0.166667,0.166667,0.666667,cluster5
1704,0.153846,0.307692,0.538462,cluster5
1727,0.15,0.3,0.55,cluster5
1806,0.230769,0.230769,0.538462,cluster5
1814,0.2,0.2,0.6,cluster5
1879,0.16129,0.225806,0.612903,cluster5
1904,0.117647,0.294118,0.588235,cluster5
1937,0.147059,0.279412,0.573529,cluster5
1953,0.109705,0.248945,0.64135,cluster5
1983,0.225806,0.169355,0.604839,cluster5
2039,0.240964,0.192771,0.566265,cluster5
2047,0.175,0.27,0.555,cluster5
2071,0.228571,0.152381,0.619048,cluster5
2144,0.166667,0.3,0.533333,cluster5
2167,0.074074,0.296296,0.62963,cluster5
2176,0.205882,0.235294,0.558824,cluster5
2181,0.1125,0.2625,0.625,cluster5
2231,0.255814,0.162791,0.581395,cluster5
2289,0.151163,0.22093,0.627907,cluster5
2397,0.176471,0.235294,0.588235,cluster5
2406,0.1875,0.21875,0.59375,cluster5
2429,0.116279,0.27907,0.604651,cluster5
2497,0.153846,0.153846,0.692308,cluster5
2536,0.153846,0.153846,0.692308,cluster5
186,0.875,0.125,0,cluster6
254,0.75,0.125,0.125,cluster6
294,0.75,0.125,0.125,cluster6
297,0.75,0.125,0.125,cluster6
469,0.821429,0.107143,0.071429,cluster6
545,0.75,0.05,0.2,cluster6
569,0.933333,0.066667,0,cluster6
671,0.773585,0.037736,0.188679,cluster6
718,0.764706,0.123529,0.111765,cluster6
812,0.806452,0.048387,0.145161,cluster6
841,0.754717,0.09434,0.150943,cluster6
862,0.809524,0.047619,0.142857,cluster6
891,0.902439,0.073171,0.02439,cluster6
927,0.847826,0.086957,0.065217,cluster6
985,0.862559,0.018957,0.118483,cluster6
1012,0.888889,0.044444,0.066667,cluster6
1014,0.8,0.08,0.12,cluster6
1015,0.926829,0.030488,0.042683,cluster6
1034,0.833333,0.016667,0.15,cluster6
1227,0.75,0.15,0.1,cluster6
1297,0.823529,0.117647,0.058824,cluster6
1348,0.833333,0.133333,0.033333,cluster6
1375,0.769231,0.076923,0.153846,cluster6
1399,0.791667,0.041667,0.166667,cluster6
1458,0.8,0.05,0.15,cluster6
1468,0.772727,0.136364,0.090909,cluster6
1522,0.807692,0.038462,0.153846,cluster6
1556,0.8,0.1,0.1,cluster6
1652,0.833333,0.125,0.041667,cluster6
1718,0.8,0.066667,0.133333,cluster6
1792,0.772727,0.045455,0.181818,cluster6
1908,0.836364,0.036364,0.127273,cluster6
2170,0.768116,0.144928,0.086957,cluster6
2239,0.808824,0.073529,0.117647,cluster6
2273,0.76087,0.108696,0.130435,cluster6
2294,0.842105,0.035088,0.122807,cluster6
2315,0.793103,0.068966,0.137931,cluster6
2366,0.894737,0.052632,0.052632,cluster6
2374,0.833333,0.133333,0.033333,cluster6
2387,0.763158,0.026316,0.210526,cluster6
2454,0.809524,0.119048,0.071429,cluster6
6,0,0.25,0.75,cluster7
7,0,0.25,0.75,cluster7
12,0,0.25,0.75,cluster7
45,0,0.222222,0.777778,cluster7
66,0,0.277778,0.722222,cluster7
85,0,0.285714,0.714286,cluster7
88,0,0.27027,0.72973,cluster7
89,0,0.25,0.75,cluster7
106,0,0.285714,0.714286,cluster7
121,0.028571,0.285714,0.685714,cluster7
138,0,0.266667,0.733333,cluster7
203,0.012658,0.35443,0.632911,cluster7
236,0,0.28,0.72,cluster7
262,0,0.333333,0.666667,cluster7
266,0,0.333333,0.666667,cluster7
307,0,0.25,0.75,cluster7
370,0.0625,0.25,0.6875,cluster7
442,0,0.25,0.75,cluster7
502,0,0.3,0.7,cluster7
528,0,0.375,0.625,cluster7
559,0,0.363636,0.636364,cluster7
646,0,0.289474,0.710526,cluster7
647,0,0.333333,0.666667,cluster7
795,0,0.258373,0.741627,cluster7
843,0,0.3,0.7,cluster7
1055,0.05,0.325,0.625,cluster7
1188,0,0.35,0.65,cluster7
1664,0,0.363636,0.636364,cluster7
1673,0,0.3,0.7,cluster7
1681,0,0.25,0.75,cluster7
1749,0,0.230769,0.769231,cluster7
1805,0.055556,0.277778,0.666667,cluster7
1841,0.047619,0.333333,0.619048,cluster7
1920,0,0.277778,0.722222,cluster7
1968,0,0.27439,0.72561,cluster7
2056,0,0.364407,0.635593,cluster7
2120,0,0.285714,0.714286,cluster7
2143,0.047619,0.309524,0.642857,cluster7
2332,0.031746,0.301587,0.666667,cluster7
2519,0,0.347826,0.652174,cluster7
4,0.166667,0.5,0.333333,cluster8
39,0.125,0.5,0.375,cluster8
48,0.1,0.6,0.3,cluster8
49,0.166667,0.5,0.333333,cluster8
75,0.190476,0.52381,0.285714,cluster8
129,0.076923,0.615385,0.307692,cluster8
144,0.166667,0.5,0.333333,cluster8
205,0.066667,0.566667,0.366667,cluster8
211,0.142857,0.571429,0.285714,cluster8
222,0.166667,0.583333,0.25,cluster8
292,0.045455,0.590909,0.363636,cluster8
301,0.181818,0.545455,0.272727,cluster8
366,0.125,0.5,0.375,cluster8
379,0.1,0.6,0.3,cluster8
397,0.058824,0.588235,0.352941,cluster8
453,0.071429,0.607143,0.321429,cluster8
505,0.083333,0.583333,0.333333,cluster8
506,0.178571,0.535714,0.285714,cluster8
516,0.108696,0.630435,0.26087,cluster8
525,0.066667,0.533333,0.4,cluster8
535,0.090909,0.636364,0.272727,cluster8
540,0.142857,0.571429,0.285714,cluster8
627,0.134615,0.596154,0.269231,cluster8
645,0.1,0.62,0.28,cluster8
655,0.140187,0.504673,0.35514,cluster8
656,0.069767,0.604651,0.325581,cluster8
714,0.140468,0.558528,0.301003,cluster8
721,0.122807,0.495614,0.381579,cluster8
730,0.10101,0.550505,0.348485,cluster8
735,0.078947,0.605263,0.315789,cluster8
756,0.142857,0.578571,0.278571,cluster8
789,0.177778,0.533333,0.288889,cluster8
800,0.12,0.56,0.32,cluster8
821,0.175439,0.526316,0.298246,cluster8
844,0.166667,0.555556,0.277778,cluster8
860,0.092593,0.62963,0.277778,cluster8
863,0.090909,0.545455,0.363636,cluster8
922,0.136364,0.545455,0.318182,cluster8
939,0.064516,0.548387,0.387097,cluster8
953,0.071429,0.642857,0.285714,cluster8
954,0.047619,0.619048,0.333333,cluster8
959,0.090909,0.590909,0.318182,cluster8
991,0.112245,0.510204,0.377551,cluster8
994,0.064935,0.623377,0.311688,cluster8
1023,0.111111,0.622222,0.266667,cluster8
1049,0.157895,0.596491,0.245614,cluster8
1082,0.053333,0.546667,0.4,cluster8
1092,0.107143,0.607143,0.285714,cluster8
1094,0.176471,0.514706,0.308824,cluster8
1101,0.145455,0.563636,0.290909,cluster8
1115,0.142857,0.614286,0.242857,cluster8
1116,0.189189,0.513514,0.297297,cluster8
1140,0.08,0.64,0.28,cluster8
1179,0.166667,0.583333,0.25,cluster8
1197,0.133333,0.533333,0.333333,cluster8
1202,0.1,0.6,0.3,cluster8
1212,0.107143,0.5,0.392857,cluster8
1233,0.119048,0.52381,0.357143,cluster8
1243,0.058824,0.647059,0.294118,cluster8
1256,0.136364,0.590909,0.272727,cluster8
1266,0.06,0.66,0.28,cluster8
1352,0.16,0.6,0.24,cluster8
1358,0.135135,0.540541,0.324324,cluster8
1383,0.125,0.583333,0.291667,cluster8
1417,0.101695,0.576271,0.322034,cluster8
1424,0.125,0.5625,0.3125,cluster8
1436,0.173913,0.565217,0.26087,cluster8
1445,0.125,0.541667,0.333333,cluster8
1523,0.166667,0.555556,0.277778,cluster8
1553,0.125,0.5625,0.3125,cluster8
1568,0.142857,0.542857,0.314286,cluster8
1571,0.142857,0.6,0.257143,cluster8
1613,0.055556,0.638889,0.305556,cluster8
1650,0.166667,0.555556,0.277778,cluster8
1654,0.133333,0.6,0.266667,cluster8
1703,0.1,0.55,0.35,cluster8
1728,0.142857,0.5,0.357143,cluster8
1750,0.142857,0.5,0.357143,cluster8
1754,0.1,0.6,0.3,cluster8
1758,0.125,0.5,0.375,cluster8
1767,0.137931,0.482759,0.37931,cluster8
1769,0.147059,0.5,0.352941,cluster8
1788,0.142857,0.619048,0.238095,cluster8
1817,0.095238,0.571429,0.333333,cluster8
1825,0.058824,0.588235,0.352941,cluster8
1832,0.125,0.5,0.375,cluster8
1845,0.066667,0.6,0.333333,cluster8
1856,0.1,0.6,0.3,cluster8
1884,0.153846,0.538462,0.307692,cluster8
1941,0.052632,0.578947,0.368421,cluster8
1950,0.151261,0.504202,0.344538,cluster8
1972,0.185185,0.493827,0.320988,cluster8
2007,0.089286,0.602679,0.308036,cluster8
2011,0.138889,0.527778,0.333333,cluster8
2082,0.130841,0.551402,0.317757,cluster8
2103,0.0875,0.625,0.2875,cluster8
2130,0.114754,0.590164,0.295082,cluster8
2138,0.184211,0.5,0.315789,cluster8
2161,0.123077,0.553846,0.323077,cluster8
2196,0.132911,0.582278,0.28481,cluster8
2224,0.131148,0.540984,0.327869,cluster8
2259,0.077922,0.61039,0.311688,cluster8
2344,0.111111,0.577778,0.311111,cluster8
2394,0.154762,0.595238,0.25,cluster8
2440,0.090909,0.606061,0.30303,cluster8
2447,0.117647,0.617647,0.264706,cluster8
2473,0.176471,0.529412,0.294118,cluster8
2484,0.117647,0.588235,0.294118,cluster8
2506,0.071429,0.571429,0.357143,cluster8
2529,0.055556,0.666667,0.277778,cluster8
2532,0.05,0.65,0.3,cluster8
2546,0.138889,0.5,0.361111,cluster8
2548,0.15,0.6,0.25,cluster8
19,0.483871,0.483871,0.032258,cluster9
83,0.423077,0.5,0.076923,cluster9
124,0.395833,0.520833,0.083333,cluster9
153,0.444444,0.444444,0.111111,cluster9
242,0.460526,0.539474,0,cluster9
253,0.416667,0.5,0.083333,cluster9
255,0.470588,0.470588,0.058824,cluster9
302,0.5,0.5,0,cluster9
365,0.526316,0.447368,0.026316,cluster9
460,0.423077,0.461538,0.115385,cluster9
476,0.526316,0.473684,0,cluster9
507,0.421053,0.526316,0.052632,cluster9
549,0.411765,0.529412,0.058824,cluster9
696,0.4375,0.5,0.0625,cluster9
784,0.416667,0.483333,0.1,cluster9
837,0.392857,0.535714,0.071429,cluster9
868,0.444444,0.5,0.055556,cluster9
883,0.463415,0.439024,0.097561,cluster9
903,0.545455,0.454545,0,cluster9
910,0.493506,0.506494,0,cluster9
921,0.413793,0.517241,0.068966,cluster9
932,0.416667,0.5,0.083333,cluster9
934,0.431818,0.454545,0.113636,cluster9
944,0.4,0.52,0.08,cluster9
972,0.421053,0.473684,0.105263,cluster9
976,0.423077,0.461538,0.115385,cluster9
1037,0.402299,0.505747,0.091954,cluster9
1056,0.432432,0.459459,0.108108,cluster9
1093,0.5,0.466667,0.033333,cluster9
1138,0.422222,0.466667,0.111111,cluster9
1152,0.4,0.48,0.12,cluster9
1172,0.4,0.525,0.075,cluster9
1220,0.5,0.416667,0.083333,cluster9
1265,0.4,0.5,0.1,cluster9
1295,0.464286,0.464286,0.071429,cluster9
1324,0.470588,0.470588,0.058824,cluster9
1337,0.421053,0.473684,0.105263,cluster9
1361,0.44,0.54,0.02,cluster9
1392,0.411765,0.529412,0.058824,cluster9
1397,0.444444,0.444444,0.111111,cluster9
1452,0.5,0.466667,0.033333,cluster9
1471,0.45,0.45,0.1,cluster9
1514,0.4,0.5,0.1,cluster9
1516,0.466667,0.5,0.033333,cluster9
1578,0.418605,0.511628,0.069767,cluster9
1584,0.461538,0.5,0.038462,cluster9
1588,0.52381,0.428571,0.047619,cluster9
1602,0.516129,0.451613,0.032258,cluster9
1605,0.489796,0.489796,0.020408,cluster9
1651,0.454545,0.454545,0.090909,cluster9
1715,0.461538,0.461538,0.076923,cluster9
1720,0.533333,0.466667,0,cluster9
1905,0.432432,0.540541,0.027027,cluster9
2000,0.442379,0.460967,0.096654,cluster9
2022,0.545455,0.454545,0,cluster9
2035,0.453947,0.467105,0.078947,cluster9
2060,0.464646,0.525253,0.010101,cluster9
2069,0.45,0.44,0.11,cluster9
2097,0.456376,0.469799,0.073826,cluster9
2119,0.448276,0.551724,0,cluster9
2145,0.487805,0.512195,0,cluster9
2190,0.447619,0.542857,0.009524,cluster9
2195,0.490909,0.436364,0.072727,cluster9
2213,0.428571,0.493506,0.077922,cluster9
2219,0.42,0.54,0.04,cluster9
2255,0.5,0.41,0.09,cluster9
2267,0.506849,0.424658,0.068493,cluster9
2297,0.428571,0.557143,0.014286,cluster9
2303,0.512821,0.410256,0.076923,cluster9
2347,0.518519,0.481481,0,cluster9
2368,0.423077,0.5,0.076923,cluster9
2389,0.395833,0.5,0.104167,cluster9
2398,0.444444,0.555556,0,cluster9
2419,0.46875,0.5,0.03125,cluster9
2432,0.423077,0.5,0.076923,cluster9
2461,0.483871,0.419355,0.096774,cluster9
2476,0.446429,0.464286,0.089286,cluster9
2518,0.4,0.52,0.08,cluster9
2527,0.466667,0.466667,0.066667,cluster9
2543,0.5,0.5,0,cluster9
